nombre_archivo,id_archivo,url,subcategoria,ruta
[5°] LIBRO 5 EVAL DIAG PER 4.pdf,1NQDG5kGhOMhQcLncOCjDGamg8TOf6FR5,https://drive.google.com/file/d/1NQDG5kGhOMhQcLncOCjDGamg8TOf6FR5/view?usp=drivesdk,📝 EVALUACIONES,libros/libros mostrar/📝 EVALUACIONES
[5°] LIBRO 5 EVAL DIAG PER 2.pdf,1Yd5YoSz7y2m7SG_01Dzt6YaEPFs7NoKP,https://drive.google.com/file/d/1Yd5YoSz7y2m7SG_01Dzt6YaEPFs7NoKP/view?usp=drivesdk,📝 EVALUACIONES,libros/libros mostrar/📝 EVALUACIONES
[5°] LIBRO 5 EVAL DIAG PER 1.pdf,1ZIMPGD4IQ1DI1AABgYFO7kg7iMfblGcr,https://drive.google.com/file/d/1ZIMPGD4IQ1DI1AABgYFO7kg7iMfblGcr/view?usp=drivesdk,📝 EVALUACIONES,libros/libros mostrar/📝 EVALUACIONES
[5°] LIBRO 5 EVAL DIAG PER 3.pdf,1vFo8ipyQAmRqBndCVq4fOdQX8B2npWvL,https://drive.google.com/file/d/1vFo8ipyQAmRqBndCVq4fOdQX8B2npWvL/view?usp=drivesdk,📝 EVALUACIONES,libros/libros mostrar/📝 EVALUACIONES
[4°] LIBRO 4 EVAL DIAG PER 3.pdf,1cLyQF159oeRC9uBaMM8HNRoI2Au-BkIf,https://drive.google.com/file/d/1cLyQF159oeRC9uBaMM8HNRoI2Au-BkIf/view?usp=drivesdk,📝 EVALUACIONES,libros/libros mostrar/📝 EVALUACIONES
[4°] LIBRO 4 EVAL DIAG PER 1.pdf,1d01cfGENeB4vOtTI_MMLBjDf8InmYfMU,https://drive.google.com/file/d/1d01cfGENeB4vOtTI_MMLBjDf8InmYfMU/view?usp=drivesdk,📝 EVALUACIONES,libros/libros mostrar/📝 EVALUACIONES
[4°] LIBRO 4 EVAL DIAG PER 2.pdf,1iQ9MrtruK1G6147QIrCeagA7n9rv_UYq,https://drive.google.com/file/d/1iQ9MrtruK1G6147QIrCeagA7n9rv_UYq/view?usp=drivesdk,📝 EVALUACIONES,libros/libros mostrar/📝 EVALUACIONES
[4°] LIBRO 4 EVAL DIAG PER 4.pdf,1YJU6Qurphrtd_dkxJc3sZuuCGB0TuZUj,https://drive.google.com/file/d/1YJU6Qurphrtd_dkxJc3sZuuCGB0TuZUj/view?usp=drivesdk,📝 EVALUACIONES,libros/libros mostrar/📝 EVALUACIONES
[3°] LIBRO 3 EVAL DIAG PER 1.pdf,1s84Mr5NfESXDKHabiCDPJVxZ7bDFaLBY,https://drive.google.com/file/d/1s84Mr5NfESXDKHabiCDPJVxZ7bDFaLBY/view?usp=drivesdk,📝 EVALUACIONES,libros/libros mostrar/📝 EVALUACIONES
[3°] LIBRO 3 EVAL DIAG PER 2.pdf,1yO1aoO-b9Xl3UykTCMo5WGFlwsGMPU6V,https://drive.google.com/file/d/1yO1aoO-b9Xl3UykTCMo5WGFlwsGMPU6V/view?usp=drivesdk,📝 EVALUACIONES,libros/libros mostrar/📝 EVALUACIONES
[3°] LIBRO 3 EVAL DIAG PER 3.pdf,1OiDtbQrKC5l7AidZpTum1ZXtFhxTuS77,https://drive.google.com/file/d/1OiDtbQrKC5l7AidZpTum1ZXtFhxTuS77/view?usp=drivesdk,📝 EVALUACIONES,libros/libros mostrar/📝 EVALUACIONES
[3°] LIBRO 3 EVAL DIAG PER 4.pdf,1t2PNMzGxuePoQkOt3FaXbGO7mYueAOf6,https://drive.google.com/file/d/1t2PNMzGxuePoQkOt3FaXbGO7mYueAOf6/view?usp=drivesdk,📝 EVALUACIONES,libros/libros mostrar/📝 EVALUACIONES
[5°] LIBRO 5 GUIA SEMANAL 26.pdf,1sUxEO8RlExlaok3FUVkyInysqH018zIP,https://drive.google.com/file/d/1sUxEO8RlExlaok3FUVkyInysqH018zIP/view?usp=drivesdk,📅 GUÍAS SEMANALES,libros/libros mostrar/📅 GUÍAS SEMANALES
[5°] LIBRO 5 GUIA SEMANAL 4.pdf,10emJNY3qeMB77Fmhs0iPlCmfcNpm66N9,https://drive.google.com/file/d/10emJNY3qeMB77Fmhs0iPlCmfcNpm66N9/view?usp=drivesdk,📅 GUÍAS SEMANALES,libros/libros mostrar/📅 GUÍAS SEMANALES
[5°] LIBRO 5 GUIA SEMANAL 19.pdf,1CIO1K6ni9bp76Iz0Ibeb2dpWSM93mX63,https://drive.google.com/file/d/1CIO1K6ni9bp76Iz0Ibeb2dpWSM93mX63/view?usp=drivesdk,📅 GUÍAS SEMANALES,libros/libros mostrar/📅 GUÍAS SEMANALES
[5°] LIBRO 5 GUIA SEMANAL 14.pdf,1Hdh-nJG-CqMeiXpXRiU63C-2a4klp7vD,https://drive.google.com/file/d/1Hdh-nJG-CqMeiXpXRiU63C-2a4klp7vD/view?usp=drivesdk,📅 GUÍAS SEMANALES,libros/libros mostrar/📅 GUÍAS SEMANALES
[5°] LIBRO 5 GUIA SEMANAL 23.pdf,1rKPj8qr7RcaCmq-JFvdk2-rHYHOQAuRE,https://drive.google.com/file/d/1rKPj8qr7RcaCmq-JFvdk2-rHYHOQAuRE/view?usp=drivesdk,📅 GUÍAS SEMANALES,libros/libros mostrar/📅 GUÍAS SEMANALES
[5°] LIBRO 5 GUIA SEMANAL 24.pdf,1OcmGyIsxIXD4W-O22ypY3ry1EkYNAtFO,https://drive.google.com/file/d/1OcmGyIsxIXD4W-O22ypY3ry1EkYNAtFO/view?usp=drivesdk,📅 GUÍAS SEMANALES,libros/libros mostrar/📅 GUÍAS SEMANALES
[5°] LIBRO 5 GUIA SEMANAL 11.pdf,1cSzcVWJibJrxK-Afj5aQC0iABKFLKXqb,https://drive.google.com/file/d/1cSzcVWJibJrxK-Afj5aQC0iABKFLKXqb/view?usp=drivesdk,📅 GUÍAS SEMANALES,libros/libros mostrar/📅 GUÍAS SEMANALES
[5°] LIBRO 5 GUIA SEMANAL 5.pdf,1cusz18pz1lrtll0HPJV98W82jW-9BSAR,https://drive.google.com/file/d/1cusz18pz1lrtll0HPJV98W82jW-9BSAR/view?usp=drivesdk,📅 GUÍAS SEMANALES,libros/libros mostrar/📅 GUÍAS SEMANALES
[5°] LIBRO 5 GUIA SEMANAL 12.pdf,1gTATUA5kF1dqL9b4lU5RoN0xqnddSXAt,https://drive.google.com/file/d/1gTATUA5kF1dqL9b4lU5RoN0xqnddSXAt/view?usp=drivesdk,📅 GUÍAS SEMANALES,libros/libros mostrar/📅 GUÍAS SEMANALES
[5°] LIBRO 5 GUIA SEMANAL 13.pdf,1IkpObkT5RrcBE5zsWbkzZHOBLCUosvlJ,https://drive.google.com/file/d/1IkpObkT5RrcBE5zsWbkzZHOBLCUosvlJ/view?usp=drivesdk,📅 GUÍAS SEMANALES,libros/libros mostrar/📅 GUÍAS SEMANALES
[5°] LIBRO 5 GUIA SEMANAL 15.pdf,1UI3iIaSikW6RbXjySj1khqiGiTWdcMDE,https://drive.google.com/file/d/1UI3iIaSikW6RbXjySj1khqiGiTWdcMDE/view?usp=drivesdk,📅 GUÍAS SEMANALES,libros/libros mostrar/📅 GUÍAS SEMANALES
[5°] LIBRO 5 GUIA SEMANAL 32.pdf,1DiYfMcDl5vvaabJ_QWI54MSexcj_94Gk,https://drive.google.com/file/d/1DiYfMcDl5vvaabJ_QWI54MSexcj_94Gk/view?usp=drivesdk,📅 GUÍAS SEMANALES,libros/libros mostrar/📅 GUÍAS SEMANALES
[5°] LIBRO 5 GUIA SEMANAL 6.pdf,1NwfQfqEa6MSNzHjaNahuKwcdmi0rE8Ak,https://drive.google.com/file/d/1NwfQfqEa6MSNzHjaNahuKwcdmi0rE8Ak/view?usp=drivesdk,📅 GUÍAS SEMANALES,libros/libros mostrar/📅 GUÍAS SEMANALES
[5°] LIBRO 5 GUIA SEMANAL 16.pdf,1RboR3FKGd4Yl7kgXJrSTZM4k3PSQBERx,https://drive.google.com/file/d/1RboR3FKGd4Yl7kgXJrSTZM4k3PSQBERx/view?usp=drivesdk,📅 GUÍAS SEMANALES,libros/libros mostrar/📅 GUÍAS SEMANALES
[5°] LIBRO 5 GUIA SEMANAL 28.pdf,1Ucj2jGDM_kL7Niq8nuEjV11kS4CZ5dzF,https://drive.google.com/file/d/1Ucj2jGDM_kL7Niq8nuEjV11kS4CZ5dzF/view?usp=drivesdk,📅 GUÍAS SEMANALES,libros/libros mostrar/📅 GUÍAS SEMANALES
[5°] LIBRO 5 GUIA SEMANAL 17.pdf,16f1YER7w_LRFfUWSpSn0nDmWMh5xbjKU,https://drive.google.com/file/d/16f1YER7w_LRFfUWSpSn0nDmWMh5xbjKU/view?usp=drivesdk,📅 GUÍAS SEMANALES,libros/libros mostrar/📅 GUÍAS SEMANALES
[5°] LIBRO 5 GUIA SEMANAL 21.pdf,1bxQO54Zkz_pW79yyUHVgs0mQAZjOCOvf,https://drive.google.com/file/d/1bxQO54Zkz_pW79yyUHVgs0mQAZjOCOvf/view?usp=drivesdk,📅 GUÍAS SEMANALES,libros/libros mostrar/📅 GUÍAS SEMANALES
[5°] LIBRO 5 GUIA SEMANAL 25.pdf,1q3BqQD_ZMM0u1DBAA9iT6AFEiuFAn_Yl,https://drive.google.com/file/d/1q3BqQD_ZMM0u1DBAA9iT6AFEiuFAn_Yl/view?usp=drivesdk,📅 GUÍAS SEMANALES,libros/libros mostrar/📅 GUÍAS SEMANALES
[5°] LIBRO 5 GUIA SEMANAL 22.pdf,1kpspf4tWRP4BFnJjVLAzJSLxAzyHUhbJ,https://drive.google.com/file/d/1kpspf4tWRP4BFnJjVLAzJSLxAzyHUhbJ/view?usp=drivesdk,📅 GUÍAS SEMANALES,libros/libros mostrar/📅 GUÍAS SEMANALES
[5°] LIBRO 5 GUIA SEMANAL 7.pdf,1urJomX_9jWF4atmAql29GXFdtO_s2wLv,https://drive.google.com/file/d/1urJomX_9jWF4atmAql29GXFdtO_s2wLv/view?usp=drivesdk,📅 GUÍAS SEMANALES,libros/libros mostrar/📅 GUÍAS SEMANALES
[5°] LIBRO 5 GUIA SEMANAL 18.pdf,1ELNTE3rnuwnpz04Uv04PLO8Fg5nT5rSC,https://drive.google.com/file/d/1ELNTE3rnuwnpz04Uv04PLO8Fg5nT5rSC/view?usp=drivesdk,📅 GUÍAS SEMANALES,libros/libros mostrar/📅 GUÍAS SEMANALES
[5°] LIBRO 5 GUIA SEMANAL 31.pdf,1LGEjUt9SZFvqw4TrCbgtQLbMSWtTrF-h,https://drive.google.com/file/d/1LGEjUt9SZFvqw4TrCbgtQLbMSWtTrF-h/view?usp=drivesdk,📅 GUÍAS SEMANALES,libros/libros mostrar/📅 GUÍAS SEMANALES
[5°] LIBRO 5 GUIA SEMANAL 30.pdf,1ib1FVQsPCUZjquJwjSDGy8XrRec0e9pt,https://drive.google.com/file/d/1ib1FVQsPCUZjquJwjSDGy8XrRec0e9pt/view?usp=drivesdk,📅 GUÍAS SEMANALES,libros/libros mostrar/📅 GUÍAS SEMANALES
[5°] LIBRO 5 GUIA SEMANAL 29.pdf,1yDGsCU19MaEVqMxg6gh-BdyrchM6ZfnY,https://drive.google.com/file/d/1yDGsCU19MaEVqMxg6gh-BdyrchM6ZfnY/view?usp=drivesdk,📅 GUÍAS SEMANALES,libros/libros mostrar/📅 GUÍAS SEMANALES
[5°] LIBRO 5 GUIA SEMANAL 8.pdf,1ynIvfnEH7YN4tNv8hln3pjEFKitmWpZ0,https://drive.google.com/file/d/1ynIvfnEH7YN4tNv8hln3pjEFKitmWpZ0/view?usp=drivesdk,📅 GUÍAS SEMANALES,libros/libros mostrar/📅 GUÍAS SEMANALES
[5°] LIBRO 5 GUIA SEMANAL 1.pdf,1-sLh7nYie_ASZosDMLUdusedaQN16bEu,https://drive.google.com/file/d/1-sLh7nYie_ASZosDMLUdusedaQN16bEu/view?usp=drivesdk,📅 GUÍAS SEMANALES,libros/libros mostrar/📅 GUÍAS SEMANALES
[5°] LIBRO 5 GUIA SEMANAL 10.pdf,13NCQudEubTCwktdo28GrbyuGwMleo2JK,https://drive.google.com/file/d/13NCQudEubTCwktdo28GrbyuGwMleo2JK/view?usp=drivesdk,📅 GUÍAS SEMANALES,libros/libros mostrar/📅 GUÍAS SEMANALES
[5°] LIBRO 5 GUIA SEMANAL 9.pdf,1qgcZSxiEdLSn1Sdb_HGHHMgwmZw5xhCV,https://drive.google.com/file/d/1qgcZSxiEdLSn1Sdb_HGHHMgwmZw5xhCV/view?usp=drivesdk,📅 GUÍAS SEMANALES,libros/libros mostrar/📅 GUÍAS SEMANALES
[5°] LIBRO 5 GUIA SEMANAL 2.pdf,159h8eGiXAasuD_eL7qKBfhIuKamUkGve,https://drive.google.com/file/d/159h8eGiXAasuD_eL7qKBfhIuKamUkGve/view?usp=drivesdk,📅 GUÍAS SEMANALES,libros/libros mostrar/📅 GUÍAS SEMANALES
[5°] LIBRO 5 GUIA SEMANAL 3.pdf,1pfsyFCuHtzHH8UPEfNrbYHYngkqgSe7n,https://drive.google.com/file/d/1pfsyFCuHtzHH8UPEfNrbYHYngkqgSe7n/view?usp=drivesdk,📅 GUÍAS SEMANALES,libros/libros mostrar/📅 GUÍAS SEMANALES
[5°] LIBRO 5 GUIA SEMANAL 27.pdf,1EUyQ6jp0O5WSuFtxoFcUMbLLIItygoIe,https://drive.google.com/file/d/1EUyQ6jp0O5WSuFtxoFcUMbLLIItygoIe/view?usp=drivesdk,📅 GUÍAS SEMANALES,libros/libros mostrar/📅 GUÍAS SEMANALES
[5°] LIBRO 5 GUIA SEMANAL 20.pdf,1LXV-fI4DshiNyL11Lj129azTAafTQpMm,https://drive.google.com/file/d/1LXV-fI4DshiNyL11Lj129azTAafTQpMm/view?usp=drivesdk,📅 GUÍAS SEMANALES,libros/libros mostrar/📅 GUÍAS SEMANALES
[4°] LIBRO 4 GUIA SEMANAL 7.pdf,1nsPNEQTPIk1dmt87rwSgiz5YWUmIihUy,https://drive.google.com/file/d/1nsPNEQTPIk1dmt87rwSgiz5YWUmIihUy/view?usp=drivesdk,📅 GUÍAS SEMANALES,libros/libros mostrar/📅 GUÍAS SEMANALES
[4°] LIBRO 4 GUIA SEMANAL 6.pdf,1LnjdZ6DXVc2doziy6uElvlKPCo60CNe0,https://drive.google.com/file/d/1LnjdZ6DXVc2doziy6uElvlKPCo60CNe0/view?usp=drivesdk,📅 GUÍAS SEMANALES,libros/libros mostrar/📅 GUÍAS SEMANALES
[4°] LIBRO 4 GUIA SEMANAL 8.pdf,1qCytdveHCi2QfIpdM8PG5TZ0LdG5co8D,https://drive.google.com/file/d/1qCytdveHCi2QfIpdM8PG5TZ0LdG5co8D/view?usp=drivesdk,📅 GUÍAS SEMANALES,libros/libros mostrar/📅 GUÍAS SEMANALES
[4°] LIBRO 4 GUIA SEMANAL 4.pdf,1B5c903G9PSePqT2WgbxPm8EVTZbJKo34,https://drive.google.com/file/d/1B5c903G9PSePqT2WgbxPm8EVTZbJKo34/view?usp=drivesdk,📅 GUÍAS SEMANALES,libros/libros mostrar/📅 GUÍAS SEMANALES
[4°] LIBRO 4 GUIA SEMANAL 5.pdf,1Cu1sZc4DILd4YBO-4f1GzuILPxQTh0Zx,https://drive.google.com/file/d/1Cu1sZc4DILd4YBO-4f1GzuILPxQTh0Zx/view?usp=drivesdk,📅 GUÍAS SEMANALES,libros/libros mostrar/📅 GUÍAS SEMANALES
[4°] LIBRO 4 GUIA SEMANAL 1.pdf,1SEX4LIuLCG8vGGPD5hn0H-RXanZJMfV7,https://drive.google.com/file/d/1SEX4LIuLCG8vGGPD5hn0H-RXanZJMfV7/view?usp=drivesdk,📅 GUÍAS SEMANALES,libros/libros mostrar/📅 GUÍAS SEMANALES
[4°] LIBRO 4 GUIA SEMANAL 3.pdf,13N8xCrv82ouV-8BQPyjhUvuSdIi7w_R3,https://drive.google.com/file/d/13N8xCrv82ouV-8BQPyjhUvuSdIi7w_R3/view?usp=drivesdk,📅 GUÍAS SEMANALES,libros/libros mostrar/📅 GUÍAS SEMANALES
[4°] LIBRO 4 GUIA SEMANAL 20.pdf,1vDGAt07hcMH9hqmatRpaxtBH6PDXTozw,https://drive.google.com/file/d/1vDGAt07hcMH9hqmatRpaxtBH6PDXTozw/view?usp=drivesdk,📅 GUÍAS SEMANALES,libros/libros mostrar/📅 GUÍAS SEMANALES
[4°] LIBRO 4 GUIA SEMANAL 10.pdf,1L-OuasJ3V4Z8UO2gqcKGBwVGo0JIeToy,https://drive.google.com/file/d/1L-OuasJ3V4Z8UO2gqcKGBwVGo0JIeToy/view?usp=drivesdk,📅 GUÍAS SEMANALES,libros/libros mostrar/📅 GUÍAS SEMANALES
[4°] LIBRO 4 GUIA SEMANAL 11.pdf,1LN3HjndLswNymU8UYWTm5lWBUBEVUM9i,https://drive.google.com/file/d/1LN3HjndLswNymU8UYWTm5lWBUBEVUM9i/view?usp=drivesdk,📅 GUÍAS SEMANALES,libros/libros mostrar/📅 GUÍAS SEMANALES
[4°] LIBRO 4 GUIA SEMANAL 2.pdf,1hX-CxLZmwqOynmz8ajs1iWzXDNQBb7JR,https://drive.google.com/file/d/1hX-CxLZmwqOynmz8ajs1iWzXDNQBb7JR/view?usp=drivesdk,📅 GUÍAS SEMANALES,libros/libros mostrar/📅 GUÍAS SEMANALES
[4°] LIBRO 4 GUIA SEMANAL 21.pdf,1inKlEpVvALukYy4b0WDNvuqmTAQQk-Kx,https://drive.google.com/file/d/1inKlEpVvALukYy4b0WDNvuqmTAQQk-Kx/view?usp=drivesdk,📅 GUÍAS SEMANALES,libros/libros mostrar/📅 GUÍAS SEMANALES
[4°] LIBRO 4 GUIA SEMANAL 13.pdf,1MnxhcnrgmlYZh3QtAVeWMgxvpS1UtNbC,https://drive.google.com/file/d/1MnxhcnrgmlYZh3QtAVeWMgxvpS1UtNbC/view?usp=drivesdk,📅 GUÍAS SEMANALES,libros/libros mostrar/📅 GUÍAS SEMANALES
[4°] LIBRO 4 GUIA SEMANAL 18.pdf,1uK8JeYGfwIWkugG3zNiRD2xZifesKL5X,https://drive.google.com/file/d/1uK8JeYGfwIWkugG3zNiRD2xZifesKL5X/view?usp=drivesdk,📅 GUÍAS SEMANALES,libros/libros mostrar/📅 GUÍAS SEMANALES
[4°] LIBRO 4 GUIA SEMANAL 12.pdf,1zxysgOFe3tzrPILEVUG7AkXs3cNcTuxa,https://drive.google.com/file/d/1zxysgOFe3tzrPILEVUG7AkXs3cNcTuxa/view?usp=drivesdk,📅 GUÍAS SEMANALES,libros/libros mostrar/📅 GUÍAS SEMANALES
[4°] LIBRO 4 GUIA SEMANAL 17.pdf,10hSSV6ACV2_I2dRP9GfmwR8G9zSE6GB-,https://drive.google.com/file/d/10hSSV6ACV2_I2dRP9GfmwR8G9zSE6GB-/view?usp=drivesdk,📅 GUÍAS SEMANALES,libros/libros mostrar/📅 GUÍAS SEMANALES
[4°] LIBRO 4 GUIA SEMANAL 19.pdf,1DG3iUPPHjvN1M41DP9PtLCerlE35acQs,https://drive.google.com/file/d/1DG3iUPPHjvN1M41DP9PtLCerlE35acQs/view?usp=drivesdk,📅 GUÍAS SEMANALES,libros/libros mostrar/📅 GUÍAS SEMANALES
[4°] LIBRO 4 GUIA SEMANAL 9.pdf,1fFdq9cU6okER8T16fpSwLHsnatXROxHi,https://drive.google.com/file/d/1fFdq9cU6okER8T16fpSwLHsnatXROxHi/view?usp=drivesdk,📅 GUÍAS SEMANALES,libros/libros mostrar/📅 GUÍAS SEMANALES
[4°] LIBRO 4 GUIA SEMANAL 15.pdf,1kZWZ9ZcYdiXJNcXPMit8cTo4MJ4iKBXL,https://drive.google.com/file/d/1kZWZ9ZcYdiXJNcXPMit8cTo4MJ4iKBXL/view?usp=drivesdk,📅 GUÍAS SEMANALES,libros/libros mostrar/📅 GUÍAS SEMANALES
[4°] LIBRO 4 GUIA SEMANAL 29.pdf,11nn9fkWJw7A_PVgkizTGmSIAqEIBI6la,https://drive.google.com/file/d/11nn9fkWJw7A_PVgkizTGmSIAqEIBI6la/view?usp=drivesdk,📅 GUÍAS SEMANALES,libros/libros mostrar/📅 GUÍAS SEMANALES
[4°] LIBRO 4 GUIA SEMANAL 24.pdf,1a8CcoAniqvZXtw_OzpY8jExbBW9WedVS,https://drive.google.com/file/d/1a8CcoAniqvZXtw_OzpY8jExbBW9WedVS/view?usp=drivesdk,📅 GUÍAS SEMANALES,libros/libros mostrar/📅 GUÍAS SEMANALES
[4°] LIBRO 4 GUIA SEMANAL 31.pdf,1h-LcPqqfznBA96C9aczZQ0cjGoiGBMd5,https://drive.google.com/file/d/1h-LcPqqfznBA96C9aczZQ0cjGoiGBMd5/view?usp=drivesdk,📅 GUÍAS SEMANALES,libros/libros mostrar/📅 GUÍAS SEMANALES
[4°] LIBRO 4 GUIA SEMANAL 14.pdf,1jk4vWsbYu0u6ztGPThqToaI9oB5M4whF,https://drive.google.com/file/d/1jk4vWsbYu0u6ztGPThqToaI9oB5M4whF/view?usp=drivesdk,📅 GUÍAS SEMANALES,libros/libros mostrar/📅 GUÍAS SEMANALES
[4°] LIBRO 4 GUIA SEMANAL 27.pdf,12KwpL7tSTDCdVYgSuGTUOOsc7g2ewUUI,https://drive.google.com/file/d/12KwpL7tSTDCdVYgSuGTUOOsc7g2ewUUI/view?usp=drivesdk,📅 GUÍAS SEMANALES,libros/libros mostrar/📅 GUÍAS SEMANALES
[4°] LIBRO 4 GUIA SEMANAL 22.pdf,1jpj_SLl2v1pG6nCnvRQCQMLoelc7uz1T,https://drive.google.com/file/d/1jpj_SLl2v1pG6nCnvRQCQMLoelc7uz1T/view?usp=drivesdk,📅 GUÍAS SEMANALES,libros/libros mostrar/📅 GUÍAS SEMANALES
[4°] LIBRO 4 GUIA SEMANAL 28.pdf,1rP8oh5gfWrcf3hs090SimImet7xfTO--,https://drive.google.com/file/d/1rP8oh5gfWrcf3hs090SimImet7xfTO--/view?usp=drivesdk,📅 GUÍAS SEMANALES,libros/libros mostrar/📅 GUÍAS SEMANALES
[4°] LIBRO 4 GUIA SEMANAL 16.pdf,1wFxxwlJHrg0YQndLmSyJ4GqeBvJuG0Zv,https://drive.google.com/file/d/1wFxxwlJHrg0YQndLmSyJ4GqeBvJuG0Zv/view?usp=drivesdk,📅 GUÍAS SEMANALES,libros/libros mostrar/📅 GUÍAS SEMANALES
[4°] LIBRO 4 GUIA SEMANAL 23.pdf,1NLFFtc1OY2n9Cyhuo8xWz6OBIGyY3vhN,https://drive.google.com/file/d/1NLFFtc1OY2n9Cyhuo8xWz6OBIGyY3vhN/view?usp=drivesdk,📅 GUÍAS SEMANALES,libros/libros mostrar/📅 GUÍAS SEMANALES
[4°] LIBRO 4 GUIA SEMANAL 26.pdf,1OQCAWCW61fsf6QFIMNcFcs3la--t0Qyy,https://drive.google.com/file/d/1OQCAWCW61fsf6QFIMNcFcs3la--t0Qyy/view?usp=drivesdk,📅 GUÍAS SEMANALES,libros/libros mostrar/📅 GUÍAS SEMANALES
[4°] LIBRO 4 GUIA SEMANAL 25.pdf,1PM3lKw0xzCJZe98UT4qLzub5_U7D7y_X,https://drive.google.com/file/d/1PM3lKw0xzCJZe98UT4qLzub5_U7D7y_X/view?usp=drivesdk,📅 GUÍAS SEMANALES,libros/libros mostrar/📅 GUÍAS SEMANALES
[4°] LIBRO 4 GUIA SEMANAL 32.pdf,1gUEeobkSeHzi8k8IPpPViZecJdihDRN8,https://drive.google.com/file/d/1gUEeobkSeHzi8k8IPpPViZecJdihDRN8/view?usp=drivesdk,📅 GUÍAS SEMANALES,libros/libros mostrar/📅 GUÍAS SEMANALES
[4°] LIBRO 4 GUIA SEMANAL 30.pdf,144_Kgg-hh9cfQvWyIjMmnGdbs5Quxi90,https://drive.google.com/file/d/144_Kgg-hh9cfQvWyIjMmnGdbs5Quxi90/view?usp=drivesdk,📅 GUÍAS SEMANALES,libros/libros mostrar/📅 GUÍAS SEMANALES
[3°] LIBRO 3 GUIA SEMANAL 24.pdf,1YWZH-FJHIhI-0SnXKJMH1Sbv7xJfQYki,https://drive.google.com/file/d/1YWZH-FJHIhI-0SnXKJMH1Sbv7xJfQYki/view?usp=drivesdk,📅 GUÍAS SEMANALES,libros/libros mostrar/📅 GUÍAS SEMANALES
[3°] LIBRO 3 GUIA SEMANAL 31.pdf,12a5zcogQ0o3lAVpuvv4QL1W-HvAFP5hW,https://drive.google.com/file/d/12a5zcogQ0o3lAVpuvv4QL1W-HvAFP5hW/view?usp=drivesdk,📅 GUÍAS SEMANALES,libros/libros mostrar/📅 GUÍAS SEMANALES
[3°] LIBRO 3 GUIA SEMANAL 25.pdf,1mZNMDLA5dnAIprsAzIiKZR6B7a9YHgNj,https://drive.google.com/file/d/1mZNMDLA5dnAIprsAzIiKZR6B7a9YHgNj/view?usp=drivesdk,📅 GUÍAS SEMANALES,libros/libros mostrar/📅 GUÍAS SEMANALES
[3°] LIBRO 3 GUIA SEMANAL 23.pdf,1sz2ono0RFlTqi918_0TDn52N4OdGclF3,https://drive.google.com/file/d/1sz2ono0RFlTqi918_0TDn52N4OdGclF3/view?usp=drivesdk,📅 GUÍAS SEMANALES,libros/libros mostrar/📅 GUÍAS SEMANALES
[3°] LIBRO 3 GUIA SEMANAL 19.pdf,1teRF8EBwoH1l3OQR9wFBbWkWprz0gLtw,https://drive.google.com/file/d/1teRF8EBwoH1l3OQR9wFBbWkWprz0gLtw/view?usp=drivesdk,📅 GUÍAS SEMANALES,libros/libros mostrar/📅 GUÍAS SEMANALES
[3°] LIBRO 3 GUIA SEMANAL 20.pdf,1KS-M4cNxEWBfmkNhDSXpHGH2Hz4OFZMT,https://drive.google.com/file/d/1KS-M4cNxEWBfmkNhDSXpHGH2Hz4OFZMT/view?usp=drivesdk,📅 GUÍAS SEMANALES,libros/libros mostrar/📅 GUÍAS SEMANALES
[3°] LIBRO 3 GUIA SEMANAL 30.pdf,1rPbj4HyWHiXWBkdEyvsfNSOn6glTv_M1,https://drive.google.com/file/d/1rPbj4HyWHiXWBkdEyvsfNSOn6glTv_M1/view?usp=drivesdk,📅 GUÍAS SEMANALES,libros/libros mostrar/📅 GUÍAS SEMANALES
[3°] LIBRO 3 GUIA SEMANAL 7.pdf,17IKvqSub7SgUpfhVQuypzfIkJSbdIM7n,https://drive.google.com/file/d/17IKvqSub7SgUpfhVQuypzfIkJSbdIM7n/view?usp=drivesdk,📅 GUÍAS SEMANALES,libros/libros mostrar/📅 GUÍAS SEMANALES
[3°] LIBRO 3 GUIA SEMANAL 8.pdf,1FG5onGJ5bNJ81yuZE1UaRadLJdQhNa9u,https://drive.google.com/file/d/1FG5onGJ5bNJ81yuZE1UaRadLJdQhNa9u/view?usp=drivesdk,📅 GUÍAS SEMANALES,libros/libros mostrar/📅 GUÍAS SEMANALES
[3°] LIBRO 3 GUIA SEMANAL 22.pdf,1fXIsm57_u_e5-F0kr056a3ohYymPCPMx,https://drive.google.com/file/d/1fXIsm57_u_e5-F0kr056a3ohYymPCPMx/view?usp=drivesdk,📅 GUÍAS SEMANALES,libros/libros mostrar/📅 GUÍAS SEMANALES
[3°] LIBRO 3 GUIA SEMANAL 32.pdf,1je_SJk3PfmwvxOUVGy1raIp8qm7Mt5H8,https://drive.google.com/file/d/1je_SJk3PfmwvxOUVGy1raIp8qm7Mt5H8/view?usp=drivesdk,📅 GUÍAS SEMANALES,libros/libros mostrar/📅 GUÍAS SEMANALES
[3°] LIBRO 3 GUIA SEMANAL 21.pdf,1B8klX2l-KxrRApKG-1XE236NGunLzusV,https://drive.google.com/file/d/1B8klX2l-KxrRApKG-1XE236NGunLzusV/view?usp=drivesdk,📅 GUÍAS SEMANALES,libros/libros mostrar/📅 GUÍAS SEMANALES
[3°] LIBRO 3 GUIA SEMANAL 29.pdf,1BJMmQxW6utwVYps0cNEoSa-KtIRPYJ9j,https://drive.google.com/file/d/1BJMmQxW6utwVYps0cNEoSa-KtIRPYJ9j/view?usp=drivesdk,📅 GUÍAS SEMANALES,libros/libros mostrar/📅 GUÍAS SEMANALES
[3°] LIBRO 3 GUIA SEMANAL 18.pdf,1jjJvKW2f0F-F0E18A_IeRXHNjE_DDwHc,https://drive.google.com/file/d/1jjJvKW2f0F-F0E18A_IeRXHNjE_DDwHc/view?usp=drivesdk,📅 GUÍAS SEMANALES,libros/libros mostrar/📅 GUÍAS SEMANALES
[3°] LIBRO 3 GUIA SEMANAL 28.pdf,1IMT3tUD1nvZoRZQ6dXS92XukCKpzp3eA,https://drive.google.com/file/d/1IMT3tUD1nvZoRZQ6dXS92XukCKpzp3eA/view?usp=drivesdk,📅 GUÍAS SEMANALES,libros/libros mostrar/📅 GUÍAS SEMANALES
[3°] LIBRO 3 GUIA SEMANAL 1.pdf,1PPtbJFiOVF6QGE3yPnp-0bQSwJ2kWKys,https://drive.google.com/file/d/1PPtbJFiOVF6QGE3yPnp-0bQSwJ2kWKys/view?usp=drivesdk,📅 GUÍAS SEMANALES,libros/libros mostrar/📅 GUÍAS SEMANALES
[3°] LIBRO 3 GUIA SEMANAL 9.pdf,1drPEGZW6R-Vxl8xdFE-dvc76DQx-fqQF,https://drive.google.com/file/d/1drPEGZW6R-Vxl8xdFE-dvc76DQx-fqQF/view?usp=drivesdk,📅 GUÍAS SEMANALES,libros/libros mostrar/📅 GUÍAS SEMANALES
[3°] LIBRO 3 GUIA SEMANAL 27.pdf,1HGwxF_jvqseJ2CqCsCiArqUBbfwiDPsD,https://drive.google.com/file/d/1HGwxF_jvqseJ2CqCsCiArqUBbfwiDPsD/view?usp=drivesdk,📅 GUÍAS SEMANALES,libros/libros mostrar/📅 GUÍAS SEMANALES
[3°] LIBRO 3 GUIA SEMANAL 10.pdf,1-Le_Nj_clenDXBKKlKN72WvyBlA1vgvj,https://drive.google.com/file/d/1-Le_Nj_clenDXBKKlKN72WvyBlA1vgvj/view?usp=drivesdk,📅 GUÍAS SEMANALES,libros/libros mostrar/📅 GUÍAS SEMANALES
[3°] LIBRO 3 GUIA SEMANAL 2.pdf,14Nc7MXvs3-zNHM1VkpbgX-uNxgDANsDu,https://drive.google.com/file/d/14Nc7MXvs3-zNHM1VkpbgX-uNxgDANsDu/view?usp=drivesdk,📅 GUÍAS SEMANALES,libros/libros mostrar/📅 GUÍAS SEMANALES
[3°] LIBRO 3 GUIA SEMANAL 3.pdf,1NdWXhGF_qOSlmRVplaOsu7qcd59lpjZx,https://drive.google.com/file/d/1NdWXhGF_qOSlmRVplaOsu7qcd59lpjZx/view?usp=drivesdk,📅 GUÍAS SEMANALES,libros/libros mostrar/📅 GUÍAS SEMANALES
[3°] LIBRO 3 GUIA SEMANAL 11.pdf,1knEwxLzMpHsw7NKV4_s3o-B4e-F2iLVp,https://drive.google.com/file/d/1knEwxLzMpHsw7NKV4_s3o-B4e-F2iLVp/view?usp=drivesdk,📅 GUÍAS SEMANALES,libros/libros mostrar/📅 GUÍAS SEMANALES
[3°] LIBRO 3 GUIA SEMANAL 4.pdf,1oa9-TtVj8GrFRXIg1hLs0rHYad6p_q7c,https://drive.google.com/file/d/1oa9-TtVj8GrFRXIg1hLs0rHYad6p_q7c/view?usp=drivesdk,📅 GUÍAS SEMANALES,libros/libros mostrar/📅 GUÍAS SEMANALES
[3°] LIBRO 3 GUIA SEMANAL 14.pdf,1FtK-2rntE46EQlusILam0_GZ6cSCKpGk,https://drive.google.com/file/d/1FtK-2rntE46EQlusILam0_GZ6cSCKpGk/view?usp=drivesdk,📅 GUÍAS SEMANALES,libros/libros mostrar/📅 GUÍAS SEMANALES
[3°] LIBRO 3 GUIA SEMANAL 13.pdf,1OF5ofnqv5_49Sxojjd0cR2nZQqpivfZg,https://drive.google.com/file/d/1OF5ofnqv5_49Sxojjd0cR2nZQqpivfZg/view?usp=drivesdk,📅 GUÍAS SEMANALES,libros/libros mostrar/📅 GUÍAS SEMANALES
[3°] LIBRO 3 GUIA SEMANAL 12.pdf,1vKwb26Dof2EcKPxHkjrA7LTwZYVNbj4n,https://drive.google.com/file/d/1vKwb26Dof2EcKPxHkjrA7LTwZYVNbj4n/view?usp=drivesdk,📅 GUÍAS SEMANALES,libros/libros mostrar/📅 GUÍAS SEMANALES
[3°] LIBRO 3 GUIA SEMANAL 15.pdf,19zTdE6PbNORcUMhH_b6cwWqmmQ8yo2YH,https://drive.google.com/file/d/19zTdE6PbNORcUMhH_b6cwWqmmQ8yo2YH/view?usp=drivesdk,📅 GUÍAS SEMANALES,libros/libros mostrar/📅 GUÍAS SEMANALES
[3°] LIBRO 3 GUIA SEMANAL 6.pdf,1E_DQ6PJquOo7MDR76CwTQuku7aZoT1bg,https://drive.google.com/file/d/1E_DQ6PJquOo7MDR76CwTQuku7aZoT1bg/view?usp=drivesdk,📅 GUÍAS SEMANALES,libros/libros mostrar/📅 GUÍAS SEMANALES
[3°] LIBRO 3 GUIA SEMANAL 17.pdf,1gzCrLg5KE4MrQStbi0XuK9y2pvO-cWL9,https://drive.google.com/file/d/1gzCrLg5KE4MrQStbi0XuK9y2pvO-cWL9/view?usp=drivesdk,📅 GUÍAS SEMANALES,libros/libros mostrar/📅 GUÍAS SEMANALES
[3°] LIBRO 3 GUIA SEMANAL 16.pdf,1f7iytrWCCaQXtMpG1da-gjDyhivQeAXN,https://drive.google.com/file/d/1f7iytrWCCaQXtMpG1da-gjDyhivQeAXN/view?usp=drivesdk,📅 GUÍAS SEMANALES,libros/libros mostrar/📅 GUÍAS SEMANALES
[3°] LIBRO 3 GUIA SEMANAL 5.pdf,1-bu0qBmwoTQlm6-hdjHZr1WvfZS-4JKe,https://drive.google.com/file/d/1-bu0qBmwoTQlm6-hdjHZr1WvfZS-4JKe/view?usp=drivesdk,📅 GUÍAS SEMANALES,libros/libros mostrar/📅 GUÍAS SEMANALES
[3°] LIBRO 3 GUIA SEMANAL 26.pdf,1HFgoj3QFsmzNtPXFhqg2tzXwJjjkygdR,https://drive.google.com/file/d/1HFgoj3QFsmzNtPXFhqg2tzXwJjjkygdR/view?usp=drivesdk,📅 GUÍAS SEMANALES,libros/libros mostrar/📅 GUÍAS SEMANALES
[2°] LIBRO 2 GUIA SEMANAL 2.pdf,1yItEQn4r1qdiBOsKy0_it5b8BB05Bkuc,https://drive.google.com/file/d/1yItEQn4r1qdiBOsKy0_it5b8BB05Bkuc/view?usp=drivesdk,📅 GUÍAS SEMANALES,libros/libros mostrar/📅 GUÍAS SEMANALES
[2°] LIBRO 2 GUIA SEMANAL 23.pdf,1KhHheZ_LByA_CXOvesF7nF4Zz9Ua5GSt,https://drive.google.com/file/d/1KhHheZ_LByA_CXOvesF7nF4Zz9Ua5GSt/view?usp=drivesdk,📅 GUÍAS SEMANALES,libros/libros mostrar/📅 GUÍAS SEMANALES
[2°] LIBRO 2 GUIA SEMANAL 5.pdf,1hj0zO7Sbgpy_ZYfLv_u5mmemxla6edGg,https://drive.google.com/file/d/1hj0zO7Sbgpy_ZYfLv_u5mmemxla6edGg/view?usp=drivesdk,📅 GUÍAS SEMANALES,libros/libros mostrar/📅 GUÍAS SEMANALES
[2°] LIBRO 2 GUIA SEMANAL 4.pdf,13LBexRaIPapaRd8OOgNwYQK0q-Vf9lLF,https://drive.google.com/file/d/13LBexRaIPapaRd8OOgNwYQK0q-Vf9lLF/view?usp=drivesdk,📅 GUÍAS SEMANALES,libros/libros mostrar/📅 GUÍAS SEMANALES
[2°] LIBRO 2 GUIA SEMANAL 6.pdf,17A8JiqNCL1PrX2E3rSjenBYvHuLHJJh4,https://drive.google.com/file/d/17A8JiqNCL1PrX2E3rSjenBYvHuLHJJh4/view?usp=drivesdk,📅 GUÍAS SEMANALES,libros/libros mostrar/📅 GUÍAS SEMANALES
[2°] LIBRO 2 GUIA SEMANAL 8.pdf,1TkBELWq-YANzoKKXpyEML7OELHv4l63A,https://drive.google.com/file/d/1TkBELWq-YANzoKKXpyEML7OELHv4l63A/view?usp=drivesdk,📅 GUÍAS SEMANALES,libros/libros mostrar/📅 GUÍAS SEMANALES
[2°] LIBRO 2 GUIA SEMANAL 12.pdf,18VT-gJapJwF9GXmbzuZnW2ia7hWuFemG,https://drive.google.com/file/d/18VT-gJapJwF9GXmbzuZnW2ia7hWuFemG/view?usp=drivesdk,📅 GUÍAS SEMANALES,libros/libros mostrar/📅 GUÍAS SEMANALES
[2°] LIBRO 2 GUIA SEMANAL 3.pdf,1J8TGidAnXP0mVHtQKw8zSa-fy-2qrhJm,https://drive.google.com/file/d/1J8TGidAnXP0mVHtQKw8zSa-fy-2qrhJm/view?usp=drivesdk,📅 GUÍAS SEMANALES,libros/libros mostrar/📅 GUÍAS SEMANALES
[2°] LIBRO 2 GUIA SEMANAL 1.pdf,1j8RtGu7q1QclpVhB_vztj--C6u7F8nl5,https://drive.google.com/file/d/1j8RtGu7q1QclpVhB_vztj--C6u7F8nl5/view?usp=drivesdk,📅 GUÍAS SEMANALES,libros/libros mostrar/📅 GUÍAS SEMANALES
[2°] LIBRO 2 GUIA SEMANAL 10.pdf,1CjEi2RtSqvNXWR0WO8Fk_zeVznQS_r8L,https://drive.google.com/file/d/1CjEi2RtSqvNXWR0WO8Fk_zeVznQS_r8L/view?usp=drivesdk,📅 GUÍAS SEMANALES,libros/libros mostrar/📅 GUÍAS SEMANALES
[2°] LIBRO 2 GUIA SEMANAL 9.pdf,11iOKbSPpfuPH-tmUL-WAg0xiD6183oyJ,https://drive.google.com/file/d/11iOKbSPpfuPH-tmUL-WAg0xiD6183oyJ/view?usp=drivesdk,📅 GUÍAS SEMANALES,libros/libros mostrar/📅 GUÍAS SEMANALES
[2°] LIBRO 2 GUIA SEMANAL 11.pdf,1H9FJc44vXxm5s1ceHNtoYLQybs9h-pLf,https://drive.google.com/file/d/1H9FJc44vXxm5s1ceHNtoYLQybs9h-pLf/view?usp=drivesdk,📅 GUÍAS SEMANALES,libros/libros mostrar/📅 GUÍAS SEMANALES
[2°] LIBRO 2 GUIA SEMANAL 16.pdf,1OsKCRSvEK5auJnWqs2EYUsR77Vrp4noU,https://drive.google.com/file/d/1OsKCRSvEK5auJnWqs2EYUsR77Vrp4noU/view?usp=drivesdk,📅 GUÍAS SEMANALES,libros/libros mostrar/📅 GUÍAS SEMANALES
[2°] LIBRO 2 GUIA SEMANAL 27.pdf,1W0IANcubnRj7knNU2BSdhfO8kQKy6kUF,https://drive.google.com/file/d/1W0IANcubnRj7knNU2BSdhfO8kQKy6kUF/view?usp=drivesdk,📅 GUÍAS SEMANALES,libros/libros mostrar/📅 GUÍAS SEMANALES
[2°] LIBRO 2 GUIA SEMANAL 14.pdf,1OlXJCoBKftOJ9TmN1oeVCUJE9mjheg1D,https://drive.google.com/file/d/1OlXJCoBKftOJ9TmN1oeVCUJE9mjheg1D/view?usp=drivesdk,📅 GUÍAS SEMANALES,libros/libros mostrar/📅 GUÍAS SEMANALES
[2°] LIBRO 2 GUIA SEMANAL 22.pdf,1c9gAhxoc8LD6vwpHsOJne_WHaDTcUX7L,https://drive.google.com/file/d/1c9gAhxoc8LD6vwpHsOJne_WHaDTcUX7L/view?usp=drivesdk,📅 GUÍAS SEMANALES,libros/libros mostrar/📅 GUÍAS SEMANALES
[2°] LIBRO 2 GUIA SEMANAL 24.pdf,1YlLB1Vcye7Czlkh1KxAP5-MoxKzM5hKJ,https://drive.google.com/file/d/1YlLB1Vcye7Czlkh1KxAP5-MoxKzM5hKJ/view?usp=drivesdk,📅 GUÍAS SEMANALES,libros/libros mostrar/📅 GUÍAS SEMANALES
[2°] LIBRO 2 GUIA SEMANAL 13.pdf,1sF8KGrcmZTbS_y3Nv0vLLYjJUXtE8q8j,https://drive.google.com/file/d/1sF8KGrcmZTbS_y3Nv0vLLYjJUXtE8q8j/view?usp=drivesdk,📅 GUÍAS SEMANALES,libros/libros mostrar/📅 GUÍAS SEMANALES
[2°] LIBRO 2 GUIA SEMANAL 30.pdf,1vObCb-DeyYfJ4hSrwzbSXMjY3b09z7CD,https://drive.google.com/file/d/1vObCb-DeyYfJ4hSrwzbSXMjY3b09z7CD/view?usp=drivesdk,📅 GUÍAS SEMANALES,libros/libros mostrar/📅 GUÍAS SEMANALES
[2°] LIBRO 2 GUIA SEMANAL 15.pdf,1BaA8ljB2cUfBNQa-2bRFZKtwmENViRls,https://drive.google.com/file/d/1BaA8ljB2cUfBNQa-2bRFZKtwmENViRls/view?usp=drivesdk,📅 GUÍAS SEMANALES,libros/libros mostrar/📅 GUÍAS SEMANALES
[2°] LIBRO 2 GUIA SEMANAL 20.pdf,1GbM8hL3EoSpP0G4J-0dg9vN3JgtAUNBp,https://drive.google.com/file/d/1GbM8hL3EoSpP0G4J-0dg9vN3JgtAUNBp/view?usp=drivesdk,📅 GUÍAS SEMANALES,libros/libros mostrar/📅 GUÍAS SEMANALES
[2°] LIBRO 2 GUIA SEMANAL 18.pdf,1y18PU6XwLk17UiZZOm-VVeKTTapanpgN,https://drive.google.com/file/d/1y18PU6XwLk17UiZZOm-VVeKTTapanpgN/view?usp=drivesdk,📅 GUÍAS SEMANALES,libros/libros mostrar/📅 GUÍAS SEMANALES
[2°] LIBRO 2 GUIA SEMANAL 21.pdf,1H68xkEN5zKmB3ODWUM4Y8bzNFGBqqCel,https://drive.google.com/file/d/1H68xkEN5zKmB3ODWUM4Y8bzNFGBqqCel/view?usp=drivesdk,📅 GUÍAS SEMANALES,libros/libros mostrar/📅 GUÍAS SEMANALES
[2°] LIBRO 2 GUIA SEMANAL 19.pdf,1cxO0DAHlDNTC_KAMJCtyJwvVZpBbv0Xz,https://drive.google.com/file/d/1cxO0DAHlDNTC_KAMJCtyJwvVZpBbv0Xz/view?usp=drivesdk,📅 GUÍAS SEMANALES,libros/libros mostrar/📅 GUÍAS SEMANALES
[2°] LIBRO 2 GUIA SEMANAL 25.pdf,1e0GqFAZgZD38PYGREbzpVfb7sMglT6fn,https://drive.google.com/file/d/1e0GqFAZgZD38PYGREbzpVfb7sMglT6fn/view?usp=drivesdk,📅 GUÍAS SEMANALES,libros/libros mostrar/📅 GUÍAS SEMANALES
[2°] LIBRO 2 GUIA SEMANAL 31.pdf,1eAZkvYowgl-uIQuvDmckrsBA0nKVjf1d,https://drive.google.com/file/d/1eAZkvYowgl-uIQuvDmckrsBA0nKVjf1d/view?usp=drivesdk,📅 GUÍAS SEMANALES,libros/libros mostrar/📅 GUÍAS SEMANALES
[2°] LIBRO 2 GUIA SEMANAL 29.pdf,1JV6RcDGj1vXVtW1N9f8V-gjtEIsF7v35,https://drive.google.com/file/d/1JV6RcDGj1vXVtW1N9f8V-gjtEIsF7v35/view?usp=drivesdk,📅 GUÍAS SEMANALES,libros/libros mostrar/📅 GUÍAS SEMANALES
[2°] LIBRO 2 GUIA SEMANAL 32.pdf,1Yz83hMs0ZMmVnUbMsED2Wb3MokaY-NxC,https://drive.google.com/file/d/1Yz83hMs0ZMmVnUbMsED2Wb3MokaY-NxC/view?usp=drivesdk,📅 GUÍAS SEMANALES,libros/libros mostrar/📅 GUÍAS SEMANALES
[2°] LIBRO 2 GUIA SEMANAL 28.pdf,1cVg5CQ42rDkbpIf4AsTLkTmhFxPirYV2,https://drive.google.com/file/d/1cVg5CQ42rDkbpIf4AsTLkTmhFxPirYV2/view?usp=drivesdk,📅 GUÍAS SEMANALES,libros/libros mostrar/📅 GUÍAS SEMANALES
[2°] LIBRO 2 GUIA SEMANAL 26.pdf,1RbqHpMeQqnPbmFpEu_0jt7J13Jb4URuc,https://drive.google.com/file/d/1RbqHpMeQqnPbmFpEu_0jt7J13Jb4URuc/view?usp=drivesdk,📅 GUÍAS SEMANALES,libros/libros mostrar/📅 GUÍAS SEMANALES
[2°] LIBRO 2 GUIA SEMANAL 7.pdf,1A4sKlNgK4BiHgBApD5EEWZCAen832-5U,https://drive.google.com/file/d/1A4sKlNgK4BiHgBApD5EEWZCAen832-5U/view?usp=drivesdk,📅 GUÍAS SEMANALES,libros/libros mostrar/📅 GUÍAS SEMANALES
[2°] LIBRO 2 GUIA SEMANAL 17.pdf,13uvdVX2kJdYaeK2HIddVrV0PVPFHxqgo,https://drive.google.com/file/d/13uvdVX2kJdYaeK2HIddVrV0PVPFHxqgo/view?usp=drivesdk,📅 GUÍAS SEMANALES,libros/libros mostrar/📅 GUÍAS SEMANALES
[5°] LIBRO 5 JUEGOS SEMANA 20.pdf,1G_Hx8OxUqkd0Ym7tf2il-2-ltihOtwg_,https://drive.google.com/file/d/1G_Hx8OxUqkd0Ym7tf2il-2-ltihOtwg_/view?usp=drivesdk,🎮 JUEGOS,libros/libros mostrar/🎮 JUEGOS
[5°] LIBRO 5 JUEGOS SEMANA 14.pdf,1MLDtb7OY7k4kDtOqFLkDwXlnxXB4GBBs,https://drive.google.com/file/d/1MLDtb7OY7k4kDtOqFLkDwXlnxXB4GBBs/view?usp=drivesdk,🎮 JUEGOS,libros/libros mostrar/🎮 JUEGOS
[5°] LIBRO 5 JUEGOS SEMANA 6.pdf,13e--LI-fS4fZEGyCKO-5YngPFz2SnGQ5,https://drive.google.com/file/d/13e--LI-fS4fZEGyCKO-5YngPFz2SnGQ5/view?usp=drivesdk,🎮 JUEGOS,libros/libros mostrar/🎮 JUEGOS
[5°] LIBRO 5 JUEGOS SEMANA 1.pdf,1gAmRT2VLLAPGKAwRGGCm8iHSwSnSbFIB,https://drive.google.com/file/d/1gAmRT2VLLAPGKAwRGGCm8iHSwSnSbFIB/view?usp=drivesdk,🎮 JUEGOS,libros/libros mostrar/🎮 JUEGOS
[5°] LIBRO 5 JUEGOS SEMANA 26.pdf,1xAzJ8SI39wLVxiN76H2jelAr9Xnb7zgO,https://drive.google.com/file/d/1xAzJ8SI39wLVxiN76H2jelAr9Xnb7zgO/view?usp=drivesdk,🎮 JUEGOS,libros/libros mostrar/🎮 JUEGOS
[5°] LIBRO 5 JUEGOS SEMANA 25.pdf,1uDj8At_cP-5J9MwVedQ6UFB6oDbXXVJy,https://drive.google.com/file/d/1uDj8At_cP-5J9MwVedQ6UFB6oDbXXVJy/view?usp=drivesdk,🎮 JUEGOS,libros/libros mostrar/🎮 JUEGOS
[5°] LIBRO 5 JUEGOS SEMANA 16.pdf,1KpsseBhAcuHDZpm9UyDC0ilrG0LgniBJ,https://drive.google.com/file/d/1KpsseBhAcuHDZpm9UyDC0ilrG0LgniBJ/view?usp=drivesdk,🎮 JUEGOS,libros/libros mostrar/🎮 JUEGOS
[5°] LIBRO 5 JUEGOS SEMANA 7.pdf,16rkGOOU2inFWLFYC2NOSWWsoJOeAoPY6,https://drive.google.com/file/d/16rkGOOU2inFWLFYC2NOSWWsoJOeAoPY6/view?usp=drivesdk,🎮 JUEGOS,libros/libros mostrar/🎮 JUEGOS
[5°] LIBRO 5 JUEGOS SEMANA 13.pdf,1Vr2vA7bhUTe4UzRVIEsjKAMju5ZhmAGh,https://drive.google.com/file/d/1Vr2vA7bhUTe4UzRVIEsjKAMju5ZhmAGh/view?usp=drivesdk,🎮 JUEGOS,libros/libros mostrar/🎮 JUEGOS
[5°] LIBRO 5 JUEGOS SEMANA 22.pdf,14Ny1aqUeJ5pq4QwINC9wHLDtK-Qu_1Pz,https://drive.google.com/file/d/14Ny1aqUeJ5pq4QwINC9wHLDtK-Qu_1Pz/view?usp=drivesdk,🎮 JUEGOS,libros/libros mostrar/🎮 JUEGOS
[5°] LIBRO 5 JUEGOS SEMANA 21.pdf,1kGidA-0KX6aIrIcio9GER7HfHjviQv7s,https://drive.google.com/file/d/1kGidA-0KX6aIrIcio9GER7HfHjviQv7s/view?usp=drivesdk,🎮 JUEGOS,libros/libros mostrar/🎮 JUEGOS
[5°] LIBRO 5 JUEGOS SEMANA 8.pdf,1mhsBkmQSvKVBqYfq8QJdZq6vPWIYi8QP,https://drive.google.com/file/d/1mhsBkmQSvKVBqYfq8QJdZq6vPWIYi8QP/view?usp=drivesdk,🎮 JUEGOS,libros/libros mostrar/🎮 JUEGOS
[5°] LIBRO 5 JUEGOS SEMANA 15.pdf,1rSnMT961vTKuARLAMq4DoeRPblWRhM7B,https://drive.google.com/file/d/1rSnMT961vTKuARLAMq4DoeRPblWRhM7B/view?usp=drivesdk,🎮 JUEGOS,libros/libros mostrar/🎮 JUEGOS
[5°] LIBRO 5 JUEGOS SEMANA 3.pdf,1t4p6v_w7j1DZCpIzxA4IUWPrah2RWy7p,https://drive.google.com/file/d/1t4p6v_w7j1DZCpIzxA4IUWPrah2RWy7p/view?usp=drivesdk,🎮 JUEGOS,libros/libros mostrar/🎮 JUEGOS
[5°] LIBRO 5 JUEGOS SEMANA 28.pdf,1wPWMlotaFKfxsK8AkIzvLxB0K3R7BSOe,https://drive.google.com/file/d/1wPWMlotaFKfxsK8AkIzvLxB0K3R7BSOe/view?usp=drivesdk,🎮 JUEGOS,libros/libros mostrar/🎮 JUEGOS
[5°] LIBRO 5 JUEGOS SEMANA 30.pdf,116ytcYamfZUPb3WWRR4ZBpA6wInxXnhh,https://drive.google.com/file/d/116ytcYamfZUPb3WWRR4ZBpA6wInxXnhh/view?usp=drivesdk,🎮 JUEGOS,libros/libros mostrar/🎮 JUEGOS
[5°] LIBRO 5 JUEGOS SEMANA 11.pdf,1ZHPLaBsw2M-BLJHTsj5jvO8AunTJGw0D,https://drive.google.com/file/d/1ZHPLaBsw2M-BLJHTsj5jvO8AunTJGw0D/view?usp=drivesdk,🎮 JUEGOS,libros/libros mostrar/🎮 JUEGOS
[5°] LIBRO 5 JUEGOS SEMANA 29.pdf,1yffEhfkBMGuJ2Wh8qvJv_UD9lI9PPa5p,https://drive.google.com/file/d/1yffEhfkBMGuJ2Wh8qvJv_UD9lI9PPa5p/view?usp=drivesdk,🎮 JUEGOS,libros/libros mostrar/🎮 JUEGOS
[5°] LIBRO 5 JUEGOS SEMANA 10.pdf,1zEBKYaobBxbXz-vqfaw3Gatej_KjZpVC,https://drive.google.com/file/d/1zEBKYaobBxbXz-vqfaw3Gatej_KjZpVC/view?usp=drivesdk,🎮 JUEGOS,libros/libros mostrar/🎮 JUEGOS
[5°] LIBRO 5 JUEGOS SEMANA 12.pdf,1BXwWHn-eOQv47eEoLhfOWtQa1kojMN4x,https://drive.google.com/file/d/1BXwWHn-eOQv47eEoLhfOWtQa1kojMN4x/view?usp=drivesdk,🎮 JUEGOS,libros/libros mostrar/🎮 JUEGOS
[5°] LIBRO 5 JUEGOS SEMANA 24.pdf,1e-tCyNBGgOnNPtXURpSc04vSNnD2CZRE,https://drive.google.com/file/d/1e-tCyNBGgOnNPtXURpSc04vSNnD2CZRE/view?usp=drivesdk,🎮 JUEGOS,libros/libros mostrar/🎮 JUEGOS
[5°] LIBRO 5 JUEGOS SEMANA 27.pdf,1eKRr3f_nNNcyie_8W2KRJTP2qKfHsbIt,https://drive.google.com/file/d/1eKRr3f_nNNcyie_8W2KRJTP2qKfHsbIt/view?usp=drivesdk,🎮 JUEGOS,libros/libros mostrar/🎮 JUEGOS
[5°] LIBRO 5 JUEGOS SEMANA 18.pdf,1xFN4PTniyUPyAcwWTYpLBRhJ6uhQ18vO,https://drive.google.com/file/d/1xFN4PTniyUPyAcwWTYpLBRhJ6uhQ18vO/view?usp=drivesdk,🎮 JUEGOS,libros/libros mostrar/🎮 JUEGOS
[5°] LIBRO 5 JUEGOS SEMANA 2.pdf,1Q242NPpgCOrpMPv3UtGViEmwwxERhPJv,https://drive.google.com/file/d/1Q242NPpgCOrpMPv3UtGViEmwwxERhPJv/view?usp=drivesdk,🎮 JUEGOS,libros/libros mostrar/🎮 JUEGOS
[5°] LIBRO 5 JUEGOS SEMANA 23.pdf,19zmYl8lGlZG7ApuzYpvuYXCBDWiLUmp6,https://drive.google.com/file/d/19zmYl8lGlZG7ApuzYpvuYXCBDWiLUmp6/view?usp=drivesdk,🎮 JUEGOS,libros/libros mostrar/🎮 JUEGOS
[5°] LIBRO 5 JUEGOS SEMANA 17.pdf,1QPnE5p0pPmI4HLfQNdCOJ2or0kApsc6u,https://drive.google.com/file/d/1QPnE5p0pPmI4HLfQNdCOJ2or0kApsc6u/view?usp=drivesdk,🎮 JUEGOS,libros/libros mostrar/🎮 JUEGOS
[5°] LIBRO 5 JUEGOS SEMANA 19.pdf,1ZKLy6BWshWYoz8UbFbwILx5hiZ7SKg3j,https://drive.google.com/file/d/1ZKLy6BWshWYoz8UbFbwILx5hiZ7SKg3j/view?usp=drivesdk,🎮 JUEGOS,libros/libros mostrar/🎮 JUEGOS
[5°] LIBRO 5 JUEGOS SEMANA 4.pdf,1l0dO06Rpv5a-nEhm_GmXeis-fmFLKAav,https://drive.google.com/file/d/1l0dO06Rpv5a-nEhm_GmXeis-fmFLKAav/view?usp=drivesdk,🎮 JUEGOS,libros/libros mostrar/🎮 JUEGOS
[5°] LIBRO 5 JUEGOS SEMANA 9.pdf,1yG3iEv4wIzDO-FBDhEgIg0jSnouZism9,https://drive.google.com/file/d/1yG3iEv4wIzDO-FBDhEgIg0jSnouZism9/view?usp=drivesdk,🎮 JUEGOS,libros/libros mostrar/🎮 JUEGOS
[5°] LIBRO 5 JUEGOS SEMANA 5.pdf,1wbUUC2RMT1Qv0zMNVCdxK1ZzEv7fhEEf,https://drive.google.com/file/d/1wbUUC2RMT1Qv0zMNVCdxK1ZzEv7fhEEf/view?usp=drivesdk,🎮 JUEGOS,libros/libros mostrar/🎮 JUEGOS
[4°] LIBRO 4 JUEGOS SEMANA 7.pdf,12CWlBCRRCN6P7wovL0Uxzt46Qq8QHDMb,https://drive.google.com/file/d/12CWlBCRRCN6P7wovL0Uxzt46Qq8QHDMb/view?usp=drivesdk,🎮 JUEGOS,libros/libros mostrar/🎮 JUEGOS
[4°] LIBRO 4 JUEGOS SEMANA 9.pdf,1C706tdIYMJIf4jjpCU-Y7iZHwPIB14aZ,https://drive.google.com/file/d/1C706tdIYMJIf4jjpCU-Y7iZHwPIB14aZ/view?usp=drivesdk,🎮 JUEGOS,libros/libros mostrar/🎮 JUEGOS
[4°] LIBRO 4 JUEGOS SEMANA 6.pdf,1V_n4MJbK4PBpMP6_ruXqUI21laofACDv,https://drive.google.com/file/d/1V_n4MJbK4PBpMP6_ruXqUI21laofACDv/view?usp=drivesdk,🎮 JUEGOS,libros/libros mostrar/🎮 JUEGOS
[4°] LIBRO 4 JUEGOS SEMANA 8.pdf,1rK56drp7rmCVCI1_hgIW8C4IpfvkqIRZ,https://drive.google.com/file/d/1rK56drp7rmCVCI1_hgIW8C4IpfvkqIRZ/view?usp=drivesdk,🎮 JUEGOS,libros/libros mostrar/🎮 JUEGOS
[4°] LIBRO 4 JUEGOS SEMANA 19.pdf,1DeSPTYIYp77ZQZ0gtgA5vzLnq3mBSsJK,https://drive.google.com/file/d/1DeSPTYIYp77ZQZ0gtgA5vzLnq3mBSsJK/view?usp=drivesdk,🎮 JUEGOS,libros/libros mostrar/🎮 JUEGOS
[4°] LIBRO 4 JUEGOS SEMANA 16.pdf,1F8b6XVNKVwyElf7Q6jAGIk125L4z1csk,https://drive.google.com/file/d/1F8b6XVNKVwyElf7Q6jAGIk125L4z1csk/view?usp=drivesdk,🎮 JUEGOS,libros/libros mostrar/🎮 JUEGOS
[4°] LIBRO 4 JUEGOS SEMANA 15.pdf,1MZIB-RyFhSXP0b8p3zThuX-AnaKhMJvf,https://drive.google.com/file/d/1MZIB-RyFhSXP0b8p3zThuX-AnaKhMJvf/view?usp=drivesdk,🎮 JUEGOS,libros/libros mostrar/🎮 JUEGOS
[4°] LIBRO 4 JUEGOS SEMANA 11.pdf,1Xfb11wLHpgUUYyYgsm3Qh4XTsxcfBfhg,https://drive.google.com/file/d/1Xfb11wLHpgUUYyYgsm3Qh4XTsxcfBfhg/view?usp=drivesdk,🎮 JUEGOS,libros/libros mostrar/🎮 JUEGOS
[4°] LIBRO 4 JUEGOS SEMANA 14.pdf,1iqtt5AM7Pp2AcOXspTzSq7ZsvIRG5avi,https://drive.google.com/file/d/1iqtt5AM7Pp2AcOXspTzSq7ZsvIRG5avi/view?usp=drivesdk,🎮 JUEGOS,libros/libros mostrar/🎮 JUEGOS
[4°] LIBRO 4 JUEGOS SEMANA 1.pdf,1jiqUNW-fatp48aM0BvNx_QtLDlXt_NCv,https://drive.google.com/file/d/1jiqUNW-fatp48aM0BvNx_QtLDlXt_NCv/view?usp=drivesdk,🎮 JUEGOS,libros/libros mostrar/🎮 JUEGOS
[4°] LIBRO 4 JUEGOS SEMANA 3.pdf,1luABnWJIpetNNMOwh3-Vvil8uVD_7xK8,https://drive.google.com/file/d/1luABnWJIpetNNMOwh3-Vvil8uVD_7xK8/view?usp=drivesdk,🎮 JUEGOS,libros/libros mostrar/🎮 JUEGOS
[4°] LIBRO 4 JUEGOS SEMANA 12.pdf,1npf4AoygQelJHpG-J0webbyQRPM-wccj,https://drive.google.com/file/d/1npf4AoygQelJHpG-J0webbyQRPM-wccj/view?usp=drivesdk,🎮 JUEGOS,libros/libros mostrar/🎮 JUEGOS
[4°] LIBRO 4 JUEGOS SEMANA 10.pdf,1r0yNZCEBbaNVHPLa61sNZq3qA0aZPfZi,https://drive.google.com/file/d/1r0yNZCEBbaNVHPLa61sNZq3qA0aZPfZi/view?usp=drivesdk,🎮 JUEGOS,libros/libros mostrar/🎮 JUEGOS
[4°] LIBRO 4 JUEGOS SEMANA 18.pdf,1r4wHep2dKJsNpYkcHhQc1Q6Vx3AibQ3K,https://drive.google.com/file/d/1r4wHep2dKJsNpYkcHhQc1Q6Vx3AibQ3K/view?usp=drivesdk,🎮 JUEGOS,libros/libros mostrar/🎮 JUEGOS
[4°] LIBRO 4 JUEGOS SEMANA 20.pdf,13F3YXtuY3ovoZMNRpKPTujoWoB93cxHY,https://drive.google.com/file/d/13F3YXtuY3ovoZMNRpKPTujoWoB93cxHY/view?usp=drivesdk,🎮 JUEGOS,libros/libros mostrar/🎮 JUEGOS
[4°] LIBRO 4 JUEGOS SEMANA 23.pdf,13hPQit8u3flA5i78LDE7aWZJMd4_2T4J,https://drive.google.com/file/d/13hPQit8u3flA5i78LDE7aWZJMd4_2T4J/view?usp=drivesdk,🎮 JUEGOS,libros/libros mostrar/🎮 JUEGOS
[4°] LIBRO 4 JUEGOS SEMANA 21.pdf,1AGl9lbVYCALQG8YJXRQ4oJJ50qB6Nxp0,https://drive.google.com/file/d/1AGl9lbVYCALQG8YJXRQ4oJJ50qB6Nxp0/view?usp=drivesdk,🎮 JUEGOS,libros/libros mostrar/🎮 JUEGOS
[4°] LIBRO 4 JUEGOS SEMANA 4.pdf,1AXF5XOn36R9LLCa9VWXTR727YpM2FYay,https://drive.google.com/file/d/1AXF5XOn36R9LLCa9VWXTR727YpM2FYay/view?usp=drivesdk,🎮 JUEGOS,libros/libros mostrar/🎮 JUEGOS
[4°] LIBRO 4 JUEGOS SEMANA 26.pdf,1H1We1DxjD--hgkHge94W-_IJLsA-W6PH,https://drive.google.com/file/d/1H1We1DxjD--hgkHge94W-_IJLsA-W6PH/view?usp=drivesdk,🎮 JUEGOS,libros/libros mostrar/🎮 JUEGOS
[4°] LIBRO 4 JUEGOS SEMANA 17.pdf,1HvxpnEZ69JEbjtT-ZnanjyZ4tip4vWJ_,https://drive.google.com/file/d/1HvxpnEZ69JEbjtT-ZnanjyZ4tip4vWJ_/view?usp=drivesdk,🎮 JUEGOS,libros/libros mostrar/🎮 JUEGOS
[4°] LIBRO 4 JUEGOS SEMANA 27.pdf,1J_JdYt5vrpIeOkwv5JRmO-rwGY-QAH6m,https://drive.google.com/file/d/1J_JdYt5vrpIeOkwv5JRmO-rwGY-QAH6m/view?usp=drivesdk,🎮 JUEGOS,libros/libros mostrar/🎮 JUEGOS
[4°] LIBRO 4 JUEGOS SEMANA 22.pdf,1e0kmSozk_TH_35gLLDkajnzlFi6c5LoO,https://drive.google.com/file/d/1e0kmSozk_TH_35gLLDkajnzlFi6c5LoO/view?usp=drivesdk,🎮 JUEGOS,libros/libros mostrar/🎮 JUEGOS
[4°] LIBRO 4 JUEGOS SEMANA 29.pdf,1Qtk8h5hs3oSz45-nTgNIWgpoCey3ta_y,https://drive.google.com/file/d/1Qtk8h5hs3oSz45-nTgNIWgpoCey3ta_y/view?usp=drivesdk,🎮 JUEGOS,libros/libros mostrar/🎮 JUEGOS
[4°] LIBRO 4 JUEGOS SEMANA 2.pdf,1Sjmin89vtrTbgdL2swDQc93cwTredgQM,https://drive.google.com/file/d/1Sjmin89vtrTbgdL2swDQc93cwTredgQM/view?usp=drivesdk,🎮 JUEGOS,libros/libros mostrar/🎮 JUEGOS
[4°] LIBRO 4 JUEGOS SEMANA 5.pdf,1odd5M7YQAkxNMaxYm8MYcltfxwh9iRQY,https://drive.google.com/file/d/1odd5M7YQAkxNMaxYm8MYcltfxwh9iRQY/view?usp=drivesdk,🎮 JUEGOS,libros/libros mostrar/🎮 JUEGOS
[4°] LIBRO 4 JUEGOS SEMANA 30.pdf,1wecwxjmz8UI4CjrAu79l9O-Ie1dLb3yC,https://drive.google.com/file/d/1wecwxjmz8UI4CjrAu79l9O-Ie1dLb3yC/view?usp=drivesdk,🎮 JUEGOS,libros/libros mostrar/🎮 JUEGOS
[4°] LIBRO 4 JUEGOS SEMANA 13.pdf,1sG-pGaE2nrPEzhLJIe5cPlD5Ktjmo2eH,https://drive.google.com/file/d/1sG-pGaE2nrPEzhLJIe5cPlD5Ktjmo2eH/view?usp=drivesdk,🎮 JUEGOS,libros/libros mostrar/🎮 JUEGOS
[4°] LIBRO 4 JUEGOS SEMANA 28.pdf,1tQvTXW5mdDPCQM-wkfIcapmJWIvlzdru,https://drive.google.com/file/d/1tQvTXW5mdDPCQM-wkfIcapmJWIvlzdru/view?usp=drivesdk,🎮 JUEGOS,libros/libros mostrar/🎮 JUEGOS
[4°] LIBRO 4 JUEGOS SEMANA 24.pdf,1wwGGVheZ7ERd_Rb0bE0d42FIKHTVJlIm,https://drive.google.com/file/d/1wwGGVheZ7ERd_Rb0bE0d42FIKHTVJlIm/view?usp=drivesdk,🎮 JUEGOS,libros/libros mostrar/🎮 JUEGOS
[4°] LIBRO 4 JUEGOS SEMANA 25.pdf,1s5TBUFEq7WwMzeVp-qljeBS9-i7pDaLb,https://drive.google.com/file/d/1s5TBUFEq7WwMzeVp-qljeBS9-i7pDaLb/view?usp=drivesdk,🎮 JUEGOS,libros/libros mostrar/🎮 JUEGOS
[3°] LIBRO 3 JUEGOS SEMANA 17.pdf,1h0bj_Z1j8cKDA5ZjZYEJr8T5CyA3Kk7m,https://drive.google.com/file/d/1h0bj_Z1j8cKDA5ZjZYEJr8T5CyA3Kk7m/view?usp=drivesdk,🎮 JUEGOS,libros/libros mostrar/🎮 JUEGOS
[3°] LIBRO 3 JUEGOS SEMANA 10.pdf,1ljQri7n3DTIzb2SjUpML5i1WHuMyD998,https://drive.google.com/file/d/1ljQri7n3DTIzb2SjUpML5i1WHuMyD998/view?usp=drivesdk,🎮 JUEGOS,libros/libros mostrar/🎮 JUEGOS
[3°] LIBRO 3 JUEGOS SEMANA 26.pdf,1wOS9yRUk9k5wuO50GF0mcPcItL3eOvDb,https://drive.google.com/file/d/1wOS9yRUk9k5wuO50GF0mcPcItL3eOvDb/view?usp=drivesdk,🎮 JUEGOS,libros/libros mostrar/🎮 JUEGOS
[3°] LIBRO 3 JUEGOS SEMANA 25.pdf,1Dx7-aup5RgDdER1eg4RVcZ2MPA-nN557,https://drive.google.com/file/d/1Dx7-aup5RgDdER1eg4RVcZ2MPA-nN557/view?usp=drivesdk,🎮 JUEGOS,libros/libros mostrar/🎮 JUEGOS
[3°] LIBRO 3 JUEGOS SEMANA 20.pdf,1G3xiklEH3JdfZSLiG2EQYQuEYWdGP7GN,https://drive.google.com/file/d/1G3xiklEH3JdfZSLiG2EQYQuEYWdGP7GN/view?usp=drivesdk,🎮 JUEGOS,libros/libros mostrar/🎮 JUEGOS
[3°] LIBRO 3 JUEGOS SEMANA 1.pdf,1KkOJ9OGCHHan-Vk2WIAFU9PDy5ACrgc5,https://drive.google.com/file/d/1KkOJ9OGCHHan-Vk2WIAFU9PDy5ACrgc5/view?usp=drivesdk,🎮 JUEGOS,libros/libros mostrar/🎮 JUEGOS
[3°] LIBRO 3 JUEGOS SEMANA 4.pdf,1FUbpjltQZcjdP9TWig1k6fO-N2A1vYuD,https://drive.google.com/file/d/1FUbpjltQZcjdP9TWig1k6fO-N2A1vYuD/view?usp=drivesdk,🎮 JUEGOS,libros/libros mostrar/🎮 JUEGOS
[3°] LIBRO 3 JUEGOS SEMANA 28.pdf,1GaoFQ1P8TnkKCILxpHgKP-ELwI8VAbug,https://drive.google.com/file/d/1GaoFQ1P8TnkKCILxpHgKP-ELwI8VAbug/view?usp=drivesdk,🎮 JUEGOS,libros/libros mostrar/🎮 JUEGOS
[3°] LIBRO 3 JUEGOS SEMANA 23.pdf,1UijbQ-_OlIv4ZDlniIMAnPj4me1bJx0n,https://drive.google.com/file/d/1UijbQ-_OlIv4ZDlniIMAnPj4me1bJx0n/view?usp=drivesdk,🎮 JUEGOS,libros/libros mostrar/🎮 JUEGOS
[3°] LIBRO 3 JUEGOS SEMANA 22.pdf,1wfXR3dPF_3mwpMrHvVqAWtbwfTCJ62Bq,https://drive.google.com/file/d/1wfXR3dPF_3mwpMrHvVqAWtbwfTCJ62Bq/view?usp=drivesdk,🎮 JUEGOS,libros/libros mostrar/🎮 JUEGOS
[3°] LIBRO 3 JUEGOS SEMANA 15.pdf,1BYM97Oz6-ji5tUfJMIKvHCAyzj32IuUE,https://drive.google.com/file/d/1BYM97Oz6-ji5tUfJMIKvHCAyzj32IuUE/view?usp=drivesdk,🎮 JUEGOS,libros/libros mostrar/🎮 JUEGOS
[3°] LIBRO 3 JUEGOS SEMANA 6.pdf,1Nbc1T-o-FE7EohmC-Hd5ZziXEdR7WH0e,https://drive.google.com/file/d/1Nbc1T-o-FE7EohmC-Hd5ZziXEdR7WH0e/view?usp=drivesdk,🎮 JUEGOS,libros/libros mostrar/🎮 JUEGOS
[3°] LIBRO 3 JUEGOS SEMANA 7.pdf,1aP9jq8cH_kpUAopwZ3En6AcqioP8vLRz,https://drive.google.com/file/d/1aP9jq8cH_kpUAopwZ3En6AcqioP8vLRz/view?usp=drivesdk,🎮 JUEGOS,libros/libros mostrar/🎮 JUEGOS
[3°] LIBRO 3 JUEGOS SEMANA 27.pdf,1QqfdeXjZuJRqnpQ-_jUhuMndJjjOt6Iv,https://drive.google.com/file/d/1QqfdeXjZuJRqnpQ-_jUhuMndJjjOt6Iv/view?usp=drivesdk,🎮 JUEGOS,libros/libros mostrar/🎮 JUEGOS
[3°] LIBRO 3 JUEGOS SEMANA 14.pdf,1SOUddc8Y9rTWVpCqra_WPNyq_Y_1NozD,https://drive.google.com/file/d/1SOUddc8Y9rTWVpCqra_WPNyq_Y_1NozD/view?usp=drivesdk,🎮 JUEGOS,libros/libros mostrar/🎮 JUEGOS
[3°] LIBRO 3 JUEGOS SEMANA 9.pdf,1mbwMw730jwj53f5ia_gmQa15hIyguf6o,https://drive.google.com/file/d/1mbwMw730jwj53f5ia_gmQa15hIyguf6o/view?usp=drivesdk,🎮 JUEGOS,libros/libros mostrar/🎮 JUEGOS
[3°] LIBRO 3 JUEGOS SEMANA 24.pdf,1vKRpzN1h3VXIs5BKn3ggQiBwVYhF86rr,https://drive.google.com/file/d/1vKRpzN1h3VXIs5BKn3ggQiBwVYhF86rr/view?usp=drivesdk,🎮 JUEGOS,libros/libros mostrar/🎮 JUEGOS
[3°] LIBRO 3 JUEGOS SEMANA 30.pdf,13EQJmKxlQ6YyaADV1T4wlTpIL59Ehw18,https://drive.google.com/file/d/13EQJmKxlQ6YyaADV1T4wlTpIL59Ehw18/view?usp=drivesdk,🎮 JUEGOS,libros/libros mostrar/🎮 JUEGOS
[3°] LIBRO 3 JUEGOS SEMANA 13.pdf,1ksKzZbkECkBtS0ojS8j6leli8Xjwa5dv,https://drive.google.com/file/d/1ksKzZbkECkBtS0ojS8j6leli8Xjwa5dv/view?usp=drivesdk,🎮 JUEGOS,libros/libros mostrar/🎮 JUEGOS
[3°] LIBRO 3 JUEGOS SEMANA 2.pdf,1p_B1lC-60uRn9LAdj7RjjaaFyCitPWrE,https://drive.google.com/file/d/1p_B1lC-60uRn9LAdj7RjjaaFyCitPWrE/view?usp=drivesdk,🎮 JUEGOS,libros/libros mostrar/🎮 JUEGOS
[3°] LIBRO 3 JUEGOS SEMANA 3.pdf,15Ns8-0LC0Q3JQ-YQO044-uXBeQjKiUyw,https://drive.google.com/file/d/15Ns8-0LC0Q3JQ-YQO044-uXBeQjKiUyw/view?usp=drivesdk,🎮 JUEGOS,libros/libros mostrar/🎮 JUEGOS
[3°] LIBRO 3 JUEGOS SEMANA 11.pdf,1HmFgBVTY1C_XdeCh06GCBFDqt2bjX4oQ,https://drive.google.com/file/d/1HmFgBVTY1C_XdeCh06GCBFDqt2bjX4oQ/view?usp=drivesdk,🎮 JUEGOS,libros/libros mostrar/🎮 JUEGOS
[3°] LIBRO 3 JUEGOS SEMANA 16.pdf,1THQLrBaFgb4C63bEBW7ywJHk0NeM_MwH,https://drive.google.com/file/d/1THQLrBaFgb4C63bEBW7ywJHk0NeM_MwH/view?usp=drivesdk,🎮 JUEGOS,libros/libros mostrar/🎮 JUEGOS
[3°] LIBRO 3 JUEGOS SEMANA 18.pdf,1osLe_h1MxG9DYWUGaC3pB7xJBr_YXsB4,https://drive.google.com/file/d/1osLe_h1MxG9DYWUGaC3pB7xJBr_YXsB4/view?usp=drivesdk,🎮 JUEGOS,libros/libros mostrar/🎮 JUEGOS
[3°] LIBRO 3 JUEGOS SEMANA 21.pdf,1dqJNFfo9o5lSDuwN3UCaoAylv14RukHI,https://drive.google.com/file/d/1dqJNFfo9o5lSDuwN3UCaoAylv14RukHI/view?usp=drivesdk,🎮 JUEGOS,libros/libros mostrar/🎮 JUEGOS
[3°] LIBRO 3 JUEGOS SEMANA 19.pdf,1dtMIJcgcRjhyVt9ZgfXWg9SbU1HiQwoI,https://drive.google.com/file/d/1dtMIJcgcRjhyVt9ZgfXWg9SbU1HiQwoI/view?usp=drivesdk,🎮 JUEGOS,libros/libros mostrar/🎮 JUEGOS
[3°] LIBRO 3 JUEGOS SEMANA 12.pdf,1egFHgoVoZ5ky4FoJ7J5sLABhnfGjC11U,https://drive.google.com/file/d/1egFHgoVoZ5ky4FoJ7J5sLABhnfGjC11U/view?usp=drivesdk,🎮 JUEGOS,libros/libros mostrar/🎮 JUEGOS
[3°] LIBRO 3 JUEGOS SEMANA 5.pdf,1d6pBvmoa0DOkyXQbhrpsAvYawkA7_krO,https://drive.google.com/file/d/1d6pBvmoa0DOkyXQbhrpsAvYawkA7_krO/view?usp=drivesdk,🎮 JUEGOS,libros/libros mostrar/🎮 JUEGOS
[3°] LIBRO 3 JUEGOS SEMANA 8.pdf,1jeoPqrMkSu1hDEAM0Dkr4Em6BfsOS_yE,https://drive.google.com/file/d/1jeoPqrMkSu1hDEAM0Dkr4Em6BfsOS_yE/view?usp=drivesdk,🎮 JUEGOS,libros/libros mostrar/🎮 JUEGOS
[2°] LIBRO 2 JUEGOS SEMANA 10.pdf,1c9xiBB_utIpuuwjYpIAFgF7b3iygBmOr,https://drive.google.com/file/d/1c9xiBB_utIpuuwjYpIAFgF7b3iygBmOr/view?usp=drivesdk,🎮 JUEGOS,libros/libros mostrar/🎮 JUEGOS
[2°] LIBRO 2 JUEGOS SEMANA 5.pdf,1sdriADmhohQMl_7ZeylRlT_JsxckOYEc,https://drive.google.com/file/d/1sdriADmhohQMl_7ZeylRlT_JsxckOYEc/view?usp=drivesdk,🎮 JUEGOS,libros/libros mostrar/🎮 JUEGOS
[2°] LIBRO 2 JUEGOS SEMANA 12.pdf,1xJEKIdKwgUEkYCRdMOnomnfm0zBlCkE2,https://drive.google.com/file/d/1xJEKIdKwgUEkYCRdMOnomnfm0zBlCkE2/view?usp=drivesdk,🎮 JUEGOS,libros/libros mostrar/🎮 JUEGOS
[2°] LIBRO 2 JUEGOS SEMANA 2.pdf,1zjAR4ph3Sg4vZQTsV_TraLTEi991-3Qv,https://drive.google.com/file/d/1zjAR4ph3Sg4vZQTsV_TraLTEi991-3Qv/view?usp=drivesdk,🎮 JUEGOS,libros/libros mostrar/🎮 JUEGOS
[2°] LIBRO 2 JUEGOS SEMANA 15.pdf,10EG3ZeJh7ne6LczfjJi6Bwx9XmyLt5nG,https://drive.google.com/file/d/10EG3ZeJh7ne6LczfjJi6Bwx9XmyLt5nG/view?usp=drivesdk,🎮 JUEGOS,libros/libros mostrar/🎮 JUEGOS
[2°] LIBRO 2 JUEGOS SEMANA 4.pdf,10nU64ZKYXVNpUYENnBkbRECH5NH1tFyS,https://drive.google.com/file/d/10nU64ZKYXVNpUYENnBkbRECH5NH1tFyS/view?usp=drivesdk,🎮 JUEGOS,libros/libros mostrar/🎮 JUEGOS
[2°] LIBRO 2 JUEGOS SEMANA 20.pdf,1fpVNIejB1tDPzOjCx2tYARYZSvpqNzdC,https://drive.google.com/file/d/1fpVNIejB1tDPzOjCx2tYARYZSvpqNzdC/view?usp=drivesdk,🎮 JUEGOS,libros/libros mostrar/🎮 JUEGOS
[2°] LIBRO 2 JUEGOS SEMANA 30.pdf,1j8LUON_lmQPB1f5A4HNm_dETA3Z1bqrQ,https://drive.google.com/file/d/1j8LUON_lmQPB1f5A4HNm_dETA3Z1bqrQ/view?usp=drivesdk,🎮 JUEGOS,libros/libros mostrar/🎮 JUEGOS
[2°] LIBRO 2 JUEGOS SEMANA 11.pdf,1xuRIXZfksMr7ImtO_HsEX_9MpIhRD4t0,https://drive.google.com/file/d/1xuRIXZfksMr7ImtO_HsEX_9MpIhRD4t0/view?usp=drivesdk,🎮 JUEGOS,libros/libros mostrar/🎮 JUEGOS
[2°] LIBRO 2 JUEGOS SEMANA 8.pdf,12l9uDQMj1XKE5hPDrXU77Nd7Wo3Msv0Y,https://drive.google.com/file/d/12l9uDQMj1XKE5hPDrXU77Nd7Wo3Msv0Y/view?usp=drivesdk,🎮 JUEGOS,libros/libros mostrar/🎮 JUEGOS
[2°] LIBRO 2 JUEGOS SEMANA 21.pdf,1Mnj7O6TVgiiTf_kufZ2hSYbiOqj_YDrm,https://drive.google.com/file/d/1Mnj7O6TVgiiTf_kufZ2hSYbiOqj_YDrm/view?usp=drivesdk,🎮 JUEGOS,libros/libros mostrar/🎮 JUEGOS
[2°] LIBRO 2 JUEGOS SEMANA 16.pdf,1RI6x1VHCb7xBvGMponxDGFlFwBrgEtE2,https://drive.google.com/file/d/1RI6x1VHCb7xBvGMponxDGFlFwBrgEtE2/view?usp=drivesdk,🎮 JUEGOS,libros/libros mostrar/🎮 JUEGOS
[2°] LIBRO 2 JUEGOS SEMANA 23.pdf,1h2KgvFz_SoIC19BhrjSShpVuqqJbMG61,https://drive.google.com/file/d/1h2KgvFz_SoIC19BhrjSShpVuqqJbMG61/view?usp=drivesdk,🎮 JUEGOS,libros/libros mostrar/🎮 JUEGOS
[2°] LIBRO 2 JUEGOS SEMANA 6.pdf,1hPt7vCzgXCsPzW5U_tMzHi4zPPygy9-u,https://drive.google.com/file/d/1hPt7vCzgXCsPzW5U_tMzHi4zPPygy9-u/view?usp=drivesdk,🎮 JUEGOS,libros/libros mostrar/🎮 JUEGOS
[2°] LIBRO 2 JUEGOS SEMANA 9.pdf,1u6UbtkZzrALXFQT6FBAAwg8TUl20ZNJh,https://drive.google.com/file/d/1u6UbtkZzrALXFQT6FBAAwg8TUl20ZNJh/view?usp=drivesdk,🎮 JUEGOS,libros/libros mostrar/🎮 JUEGOS
[2°] LIBRO 2 JUEGOS SEMANA 22.pdf,1yzPl1xBviSSC7tgFxN5gWxj3MkPuTm1P,https://drive.google.com/file/d/1yzPl1xBviSSC7tgFxN5gWxj3MkPuTm1P/view?usp=drivesdk,🎮 JUEGOS,libros/libros mostrar/🎮 JUEGOS
[2°] LIBRO 2 JUEGOS SEMANA 26.pdf,18LlIvxruBiFVFsvcvVqqNiPh9hgkfvLY,https://drive.google.com/file/d/18LlIvxruBiFVFsvcvVqqNiPh9hgkfvLY/view?usp=drivesdk,🎮 JUEGOS,libros/libros mostrar/🎮 JUEGOS
[2°] LIBRO 2 JUEGOS SEMANA 24.pdf,1BtrXwZx9Ef7C1Sd884_fOrT4kgAl4d5_,https://drive.google.com/file/d/1BtrXwZx9Ef7C1Sd884_fOrT4kgAl4d5_/view?usp=drivesdk,🎮 JUEGOS,libros/libros mostrar/🎮 JUEGOS
[2°] LIBRO 2 JUEGOS SEMANA 18.pdf,1HJ8sCBVlpzMkiZidp8y9NQ8XP3Hz7TWx,https://drive.google.com/file/d/1HJ8sCBVlpzMkiZidp8y9NQ8XP3Hz7TWx/view?usp=drivesdk,🎮 JUEGOS,libros/libros mostrar/🎮 JUEGOS
[2°] LIBRO 2 JUEGOS SEMANA 14.pdf,1PWsmMWoiY62bMFw2Bv0a1u5im0OB324L,https://drive.google.com/file/d/1PWsmMWoiY62bMFw2Bv0a1u5im0OB324L/view?usp=drivesdk,🎮 JUEGOS,libros/libros mostrar/🎮 JUEGOS
[2°] LIBRO 2 JUEGOS SEMANA 7.pdf,1ieM1VsuGN5rL780tT9xdTBQZqS69tCL0,https://drive.google.com/file/d/1ieM1VsuGN5rL780tT9xdTBQZqS69tCL0/view?usp=drivesdk,🎮 JUEGOS,libros/libros mostrar/🎮 JUEGOS
[2°] LIBRO 2 JUEGOS SEMANA 29.pdf,1lTCyefcBkO-ts6lOvrO2vnh38vwG5EOv,https://drive.google.com/file/d/1lTCyefcBkO-ts6lOvrO2vnh38vwG5EOv/view?usp=drivesdk,🎮 JUEGOS,libros/libros mostrar/🎮 JUEGOS
[2°] LIBRO 2 JUEGOS SEMANA 13.pdf,1wAzsO_VrBxPWrNYX7VtnXG08vqNHjVfj,https://drive.google.com/file/d/1wAzsO_VrBxPWrNYX7VtnXG08vqNHjVfj/view?usp=drivesdk,🎮 JUEGOS,libros/libros mostrar/🎮 JUEGOS
[2°] LIBRO 2 JUEGOS SEMANA 28.pdf,1g8BNNo7r5RhnHbT9R6LghJEhUGhvgfwz,https://drive.google.com/file/d/1g8BNNo7r5RhnHbT9R6LghJEhUGhvgfwz/view?usp=drivesdk,🎮 JUEGOS,libros/libros mostrar/🎮 JUEGOS
[2°] LIBRO 2 JUEGOS SEMANA 1.pdf,1urKs80MJcD7j3Ph_TThoG3uow_kcLSAr,https://drive.google.com/file/d/1urKs80MJcD7j3Ph_TThoG3uow_kcLSAr/view?usp=drivesdk,🎮 JUEGOS,libros/libros mostrar/🎮 JUEGOS
[2°] LIBRO 2 JUEGOS SEMANA 17.pdf,1DyOQ8xk8beIpTfMVgyUi7ePCvxtYgMfE,https://drive.google.com/file/d/1DyOQ8xk8beIpTfMVgyUi7ePCvxtYgMfE/view?usp=drivesdk,🎮 JUEGOS,libros/libros mostrar/🎮 JUEGOS
[2°] LIBRO 2 JUEGOS SEMANA 19.pdf,1hCiFNOYSZvaSy7Lp_fY-PFMs4GTvp_Yv,https://drive.google.com/file/d/1hCiFNOYSZvaSy7Lp_fY-PFMs4GTvp_Yv/view?usp=drivesdk,🎮 JUEGOS,libros/libros mostrar/🎮 JUEGOS
[2°] LIBRO 2 JUEGOS SEMANA 27.pdf,15IgCwH2rvabzIhgL1SFlgx16yrMie_9i,https://drive.google.com/file/d/15IgCwH2rvabzIhgL1SFlgx16yrMie_9i/view?usp=drivesdk,🎮 JUEGOS,libros/libros mostrar/🎮 JUEGOS
[2°] LIBRO 2 JUEGOS SEMANA 25.pdf,1xN1I47bxtYoVidYzTBWnDnpbNQizI4SG,https://drive.google.com/file/d/1xN1I47bxtYoVidYzTBWnDnpbNQizI4SG/view?usp=drivesdk,🎮 JUEGOS,libros/libros mostrar/🎮 JUEGOS
[2°] LIBRO 2 JUEGOS SEMANA 3.pdf,1lVSP_EG-zO7bvE0CMih52__YWuI7cs64,https://drive.google.com/file/d/1lVSP_EG-zO7bvE0CMih52__YWuI7cs64/view?usp=drivesdk,🎮 JUEGOS,libros/libros mostrar/🎮 JUEGOS
[5°] Tecnologia-5o-Guias-de-aprendizaje.pdf,1r2xWDFYWBEVXFFFHYz5fhl0taHqmprhS,https://drive.google.com/file/d/1r2xWDFYWBEVXFFFHYz5fhl0taHqmprhS/view?usp=drivesdk,📋 GUÍAS DE APRENDIZAJE,libros/libros mostrar/TECNOLOGÍA E INFORMÁTICA/📋 GUÍAS DE APRENDIZAJE
[4°] Tecnologia-4o-Guias-de-aprendizaje.pdf,1VQ6zp9uvcESa2KmqCX_Ct7c0R9eBzmEp,https://drive.google.com/file/d/1VQ6zp9uvcESa2KmqCX_Ct7c0R9eBzmEp/view?usp=drivesdk,📋 GUÍAS DE APRENDIZAJE,libros/libros mostrar/TECNOLOGÍA E INFORMÁTICA/📋 GUÍAS DE APRENDIZAJE
[3°] Tecnologia-3o-Guias-de-aprendizaje.pdf,1lQFVuJY82qfTLNLI8kipyyteZo1Pb-7P,https://drive.google.com/file/d/1lQFVuJY82qfTLNLI8kipyyteZo1Pb-7P/view?usp=drivesdk,📋 GUÍAS DE APRENDIZAJE,libros/libros mostrar/TECNOLOGÍA E INFORMÁTICA/📋 GUÍAS DE APRENDIZAJE
[2°] Tecnologia-2-Guias-de-aprendizaje.pdf,1zXT-23vTNPyMbOhM8lHu4r5WbaEpGFJg,https://drive.google.com/file/d/1zXT-23vTNPyMbOhM8lHu4r5WbaEpGFJg/view?usp=drivesdk,📋 GUÍAS DE APRENDIZAJE,libros/libros mostrar/TECNOLOGÍA E INFORMÁTICA/📋 GUÍAS DE APRENDIZAJE
[6°] Proyectos Pedagógicos Productivos 6° y 7°, orientaciones para estudiantes.pdf,1kZL9eeThNJmP7iRoWAB0dwkBoxTUaN1M,https://drive.google.com/file/d/1kZL9eeThNJmP7iRoWAB0dwkBoxTUaN1M/view?usp=drivesdk,🎒 GUÍAS ESTUDIANTE,libros/libros mostrar/PROYECTO/🎒 GUÍAS ESTUDIANTE
[8°] Proyectos Pedagógicos Productivos 8° y 9°, orientaciones para estudiantes.pdf,1JbcFZ0OVAkL2mSMCYi2aIYQIl4jqfpGr,https://drive.google.com/file/d/1JbcFZ0OVAkL2mSMCYi2aIYQIl4jqfpGr/view?usp=drivesdk,🎒 GUÍAS ESTUDIANTE,libros/libros mostrar/PROYECTO/🎒 GUÍAS ESTUDIANTE
[6°] Int PPP_Grados_6_7.pdf,1VDbj1jK2qB8SMb69CmoacUDUjzGcVHBF,https://drive.google.com/file/d/1VDbj1jK2qB8SMb69CmoacUDUjzGcVHBF/view?usp=drivesdk,📂 MATERIAL DE APOYO,libros/libros mostrar/PROYECTO/📂 MATERIAL DE APOYO
[6°] Hagamonos Ex_Grados_6_7.pdf,1BO25BZzHTYYPbx7QVGFkQSAb2TUr1oV5,https://drive.google.com/file/d/1BO25BZzHTYYPbx7QVGFkQSAb2TUr1oV5/view?usp=drivesdk,📂 MATERIAL DE APOYO,libros/libros mostrar/PROYECTO/📂 MATERIAL DE APOYO
[6°] PPP_6_7.pdf,1J_lPx42jXqG43Dm7dBrw0hvDB1rPh1bq,https://drive.google.com/file/d/1J_lPx42jXqG43Dm7dBrw0hvDB1rPh1bq/view?usp=drivesdk,📂 MATERIAL DE APOYO,libros/libros mostrar/PROYECTO/📂 MATERIAL DE APOYO
[8°] PPP_8_9.pdf,1B2zsqNG1osHuIxj288PRtLe3eHc16Sv8,https://drive.google.com/file/d/1B2zsqNG1osHuIxj288PRtLe3eHc16Sv8/view?usp=drivesdk,📂 MATERIAL DE APOYO,libros/libros mostrar/PROYECTO/📂 MATERIAL DE APOYO
[6°] Ap Haciendo3_Grados_6_7.pdf,1Xct8QPK9lvZq3HUH9mBen2Q6lDKLUyYg,https://drive.google.com/file/d/1Xct8QPK9lvZq3HUH9mBen2Q6lDKLUyYg/view?usp=drivesdk,📂 MATERIAL DE APOYO,libros/libros mostrar/📂 MATERIAL DE APOYO
[6°] Ap Haciendo1_Grados_6_7.pdf,1EL7UfvRqp2SClWimjRZXSUJtDCeRne0h,https://drive.google.com/file/d/1EL7UfvRqp2SClWimjRZXSUJtDCeRne0h/view?usp=drivesdk,📂 MATERIAL DE APOYO,libros/libros mostrar/📂 MATERIAL DE APOYO
[6°] Ap Haciendo2_Grados_6_7.pdf,1Zd8UuhMxdFBBlzudKx3mTZ270-GZwnRh,https://drive.google.com/file/d/1Zd8UuhMxdFBBlzudKx3mTZ270-GZwnRh/view?usp=drivesdk,📂 MATERIAL DE APOYO,libros/libros mostrar/📂 MATERIAL DE APOYO
[6°] Alimentos_6_7.pdf,15zPEmXAhxuaLmlqqlQxRzE2IwFI3w7-N,https://drive.google.com/file/d/15zPEmXAhxuaLmlqqlQxRzE2IwFI3w7-N/view?usp=drivesdk,📂 MATERIAL DE APOYO,libros/libros mostrar/📂 MATERIAL DE APOYO
[2°] Orientaciones_pedagogicas_de_2_a_5_grado.pdf,1bGtf3MZhEeal5exp_lNoesImJ7yeQ6XK,https://drive.google.com/file/d/1bGtf3MZhEeal5exp_lNoesImJ7yeQ6XK/view?usp=drivesdk,📂 MATERIAL DE APOYO,libros/libros mostrar/📂 MATERIAL DE APOYO
[2°] orientaciones_pedagogicas_tomoI.pdf,1PsSdvKwq0tTMz-Kq5G44A4Q8ud0BywW8,https://drive.google.com/file/d/1PsSdvKwq0tTMz-Kq5G44A4Q8ud0BywW8/view?usp=drivesdk,📂 MATERIAL DE APOYO,libros/libros mostrar/📂 MATERIAL DE APOYO
[2°] Mira-como-leo-2o.pdf,1HqacjcaT8nT0sR1m77KQG_vOA4uI975p,https://drive.google.com/file/d/1HqacjcaT8nT0sR1m77KQG_vOA4uI975p/view?usp=drivesdk,📂 MATERIAL DE APOYO,libros/libros mostrar/📂 MATERIAL DE APOYO
[8°] Alimentos_8_9.pdf,1FyLaccLjrkKMS8oMaaEz-j7_9hvn9i-t,https://drive.google.com/file/d/1FyLaccLjrkKMS8oMaaEz-j7_9hvn9i-t/view?usp=drivesdk,📂 MATERIAL DE APOYO,libros/libros mostrar/📂 MATERIAL DE APOYO
[6°] ART_Grado6_7.pdf,1l8Ceij6oTW7l89OgXhWDdjJSbD2KjJbO,https://drive.google.com/file/d/1l8Ceij6oTW7l89OgXhWDdjJSbD2KjJbO/view?usp=drivesdk,📂 MATERIAL DE APOYO,libros/libros mostrar/EDUCACIÓN ARTÍSTICA/📂 MATERIAL DE APOYO
[8°] ART_Grado_8_9.pdf,1Cm_U2tVbSdsjp_nIrOaVON0FYpuo2t8J,https://drive.google.com/file/d/1Cm_U2tVbSdsjp_nIrOaVON0FYpuo2t8J/view?usp=drivesdk,📂 MATERIAL DE APOYO,libros/libros mostrar/EDUCACIÓN ARTÍSTICA/📂 MATERIAL DE APOYO
[5°] Ciencias-naturales-y-educacion-ambiental-5o-Guias-de-aprendizaje.pdf,1G71agu6Gro5Zw4CwT8qJ9D4nCB3PtgLH,https://drive.google.com/file/d/1G71agu6Gro5Zw4CwT8qJ9D4nCB3PtgLH/view?usp=drivesdk,📋 GUÍAS DE APRENDIZAJE,libros/libros mostrar/CIENCIAS NATURALES/📋 GUÍAS DE APRENDIZAJE
[4°] Ciencias-naturales-y-educacion-ambiental-4o-Guias-de-aprendizaje.pdf,1bqHfx0H_VY09mxZBKaWJdjG_UJcc51RE,https://drive.google.com/file/d/1bqHfx0H_VY09mxZBKaWJdjG_UJcc51RE/view?usp=drivesdk,📋 GUÍAS DE APRENDIZAJE,libros/libros mostrar/CIENCIAS NATURALES/📋 GUÍAS DE APRENDIZAJE
[3°] Ciencias-naturales-y-educacion-ambiental-3o-Guias-de-aprendizaje.pdf,1wdblq-IaGAY6s1QOMmwAY-08Yzszt_qy,https://drive.google.com/file/d/1wdblq-IaGAY6s1QOMmwAY-08Yzszt_qy/view?usp=drivesdk,📋 GUÍAS DE APRENDIZAJE,libros/libros mostrar/CIENCIAS NATURALES/📋 GUÍAS DE APRENDIZAJE
[2°] Ciencias-naturales-y-educacion-ambiental-2o-Guias-de-aprendizaje.pdf,1DcCHZqFEuGRyddjkVovVCmNd849smtaW,https://drive.google.com/file/d/1DcCHZqFEuGRyddjkVovVCmNd849smtaW/view?usp=drivesdk,📋 GUÍAS DE APRENDIZAJE,libros/libros mostrar/CIENCIAS NATURALES/📋 GUÍAS DE APRENDIZAJE
[6°] CIEN_6_UNIDAD1_DOC.pdf,14NXwVv50VdjLaKjBd6PHCPpRnGC_JL06,https://drive.google.com/file/d/14NXwVv50VdjLaKjBd6PHCPpRnGC_JL06/view?usp=drivesdk,📚 CARTILLAS,libros/libros mostrar/CIENCIAS NATURALES/📚 CARTILLAS
[7°] Grado_7_guía_estudiantes_NAT_B2IMPRESION-min.pdf,11revvzy_kD250FjJstsMneTR7dLaYhQb,https://drive.google.com/file/d/11revvzy_kD250FjJstsMneTR7dLaYhQb/view?usp=drivesdk,🎒 GUÍAS ESTUDIANTE,libros/libros mostrar/CIENCIAS NATURALES/🎒 GUÍAS ESTUDIANTE
[7°] Grado_7_guía_estudiantes_NAT_B4IMPRESION-min.pdf,1wTZpZ-ivKD5P95zNE38y680Dx2_hX_zG,https://drive.google.com/file/d/1wTZpZ-ivKD5P95zNE38y680Dx2_hX_zG/view?usp=drivesdk,🎒 GUÍAS ESTUDIANTE,libros/libros mostrar/CIENCIAS NATURALES/🎒 GUÍAS ESTUDIANTE
[7°] Grado_7_guía_estudiantes_NAT_B3IMPRESION-min.pdf,1uFQNKYe2FreAWW7Z02Wg8h-KYYGtXfUm,https://drive.google.com/file/d/1uFQNKYe2FreAWW7Z02Wg8h-KYYGtXfUm/view?usp=drivesdk,🎒 GUÍAS ESTUDIANTE,libros/libros mostrar/CIENCIAS NATURALES/🎒 GUÍAS ESTUDIANTE
[7°] Grado_7_guía_estudiantes_NAT_B1IMPRESION-min.pdf,1yQRkukna7US7a0Abr3d-QQrmYqRgBUby,https://drive.google.com/file/d/1yQRkukna7US7a0Abr3d-QQrmYqRgBUby/view?usp=drivesdk,🎒 GUÍAS ESTUDIANTE,libros/libros mostrar/CIENCIAS NATURALES/🎒 GUÍAS ESTUDIANTE
[6°] Grado_6_guía_estudiantes_NAT_B3IMPRESION-min.pdf,1tT6CbEJQ2ajKr2ha2G5exCXm3ocwt56U,https://drive.google.com/file/d/1tT6CbEJQ2ajKr2ha2G5exCXm3ocwt56U/view?usp=drivesdk,🎒 GUÍAS ESTUDIANTE,libros/libros mostrar/CIENCIAS NATURALES/🎒 GUÍAS ESTUDIANTE
[6°] Grado_6_guía_estudiantes_NAT_B2IMPRESION-min.pdf,1PY98tGOZb6bh0oxfik93MVRY-NsBLndy,https://drive.google.com/file/d/1PY98tGOZb6bh0oxfik93MVRY-NsBLndy/view?usp=drivesdk,🎒 GUÍAS ESTUDIANTE,libros/libros mostrar/CIENCIAS NATURALES/🎒 GUÍAS ESTUDIANTE
[8°] CIEN_8_VOL1_EST_WEB_COMPLETO.pdf,1TDH95Q1bhsMxAaroFvzLcA_MvORre-_k,https://drive.google.com/file/d/1TDH95Q1bhsMxAaroFvzLcA_MvORre-_k/view?usp=drivesdk,🎒 GUÍAS ESTUDIANTE,libros/libros mostrar/CIENCIAS NATURALES/🎒 GUÍAS ESTUDIANTE
[8°] CIEN_8_VOL2_EST_WEB_COMPLETO.pdf,1kISfU90G0hbhT8sFwZJmZg-zAVcVFi7v,https://drive.google.com/file/d/1kISfU90G0hbhT8sFwZJmZg-zAVcVFi7v/view?usp=drivesdk,🎒 GUÍAS ESTUDIANTE,libros/libros mostrar/CIENCIAS NATURALES/🎒 GUÍAS ESTUDIANTE
[9°] CIEN_9_B4_EST_WEB_COMPLETO.pdf,13vSZrGVsNo8C2Zqqq-7VxFKmDskKfaQb,https://drive.google.com/file/d/13vSZrGVsNo8C2Zqqq-7VxFKmDskKfaQb/view?usp=drivesdk,🎒 GUÍAS ESTUDIANTE,libros/libros mostrar/CIENCIAS NATURALES/🎒 GUÍAS ESTUDIANTE
[9°] CIEN_9_B3_EST_WEB_COMPLETO.pdf,1khFp-gpg1s6z0XKPxg3uZaZUXshT1bNO,https://drive.google.com/file/d/1khFp-gpg1s6z0XKPxg3uZaZUXshT1bNO/view?usp=drivesdk,🎒 GUÍAS ESTUDIANTE,libros/libros mostrar/CIENCIAS NATURALES/🎒 GUÍAS ESTUDIANTE
[9°] CIEN_9_B1_EST_WEB_COMPLETO.pdf,1M8RxmL1obUYbc6WgdJBYNhRB2QHfzcgY,https://drive.google.com/file/d/1M8RxmL1obUYbc6WgdJBYNhRB2QHfzcgY/view?usp=drivesdk,🎒 GUÍAS ESTUDIANTE,libros/libros mostrar/CIENCIAS NATURALES/🎒 GUÍAS ESTUDIANTE
[9°] CIEN_9_B2_EST_WEB_COMPLETO.pdf,1IoRRirYJjBFxMr8uA15nMUMYU3p3f9W3,https://drive.google.com/file/d/1IoRRirYJjBFxMr8uA15nMUMYU3p3f9W3/view?usp=drivesdk,🎒 GUÍAS ESTUDIANTE,libros/libros mostrar/CIENCIAS NATURALES/🎒 GUÍAS ESTUDIANTE
[7°] Grado_7_guía_docentes_NAT_B2IMPRESION-min.pdf,1yLXgjJGi1fSbnQb0sNICzgW5BoJl0Mr3,https://drive.google.com/file/d/1yLXgjJGi1fSbnQb0sNICzgW5BoJl0Mr3/view?usp=drivesdk,👩‍🏫 GUÍAS DOCENTE,libros/libros mostrar/CIENCIAS NATURALES/👩‍🏫 GUÍAS DOCENTE
[7°] Grado_7_guía_docentes_NAT_B4IMPRESION-min.pdf,1wnxOYmLt0wY2X1qLChnNYBn9E4WkUQ7N,https://drive.google.com/file/d/1wnxOYmLt0wY2X1qLChnNYBn9E4WkUQ7N/view?usp=drivesdk,👩‍🏫 GUÍAS DOCENTE,libros/libros mostrar/CIENCIAS NATURALES/👩‍🏫 GUÍAS DOCENTE
[7°] Grado_7_guía_docentes_NAT_B1IMPRESION-min.pdf,1FOPF7gfDdAhTlEpNVwVNrQEp119i4U0K,https://drive.google.com/file/d/1FOPF7gfDdAhTlEpNVwVNrQEp119i4U0K/view?usp=drivesdk,👩‍🏫 GUÍAS DOCENTE,libros/libros mostrar/CIENCIAS NATURALES/👩‍🏫 GUÍAS DOCENTE
[6°] Grado_6_guía_docentes_NAT_B4IMPRESION-min.pdf,1kg_FBqeNOV2V1JSyonOljAQ7JoLbESGV,https://drive.google.com/file/d/1kg_FBqeNOV2V1JSyonOljAQ7JoLbESGV/view?usp=drivesdk,👩‍🏫 GUÍAS DOCENTE,libros/libros mostrar/CIENCIAS NATURALES/👩‍🏫 GUÍAS DOCENTE
[6°] Grado_6_guía_docentes_NAT_B2IMPRESION-min.pdf,1GKo6D_QrX0t58oPx7_tfzRCjR9tpwD53,https://drive.google.com/file/d/1GKo6D_QrX0t58oPx7_tfzRCjR9tpwD53/view?usp=drivesdk,👩‍🏫 GUÍAS DOCENTE,libros/libros mostrar/CIENCIAS NATURALES/👩‍🏫 GUÍAS DOCENTE
[8°] CIEN_8_VOL_1_DOC_COMPLETO.pdf,12uXpUm7SFNFJfRtM5ksCMsC7hZtxLtZk,https://drive.google.com/file/d/12uXpUm7SFNFJfRtM5ksCMsC7hZtxLtZk/view?usp=drivesdk,👩‍🏫 GUÍAS DOCENTE,libros/libros mostrar/CIENCIAS NATURALES/👩‍🏫 GUÍAS DOCENTE
[8°] CIEN_8_VOL_2_DOC_COMPLETO.pdf,1pwEirTIL8bhX1TUr9qtqamGHv_DY-Rq_,https://drive.google.com/file/d/1pwEirTIL8bhX1TUr9qtqamGHv_DY-Rq_/view?usp=drivesdk,👩‍🏫 GUÍAS DOCENTE,libros/libros mostrar/CIENCIAS NATURALES/👩‍🏫 GUÍAS DOCENTE
[7°] CN_Grado7.pdf,1S4NbV8-xvJcRxSh99scwBcA-I9-SV1N6,https://drive.google.com/file/d/1S4NbV8-xvJcRxSh99scwBcA-I9-SV1N6/view?usp=drivesdk,📖 LIBROS DE TEXTO,libros/libros mostrar/CIENCIAS NATURALES/📖 LIBROS DE TEXTO
[7°] Secundaria Activa Ciencias Naturales 7°.pdf,1e8KJj9YeL8yltZZAe_TiwsS3hsnDYS2W,https://drive.google.com/file/d/1e8KJj9YeL8yltZZAe_TiwsS3hsnDYS2W/view?usp=drivesdk,📖 LIBROS DE TEXTO,libros/libros mostrar/CIENCIAS NATURALES/📖 LIBROS DE TEXTO
[6°] CN_Grado6.pdf,1FrPMbwHk8SzE-P6FGI6SO-hriO-mk8lJ,https://drive.google.com/file/d/1FrPMbwHk8SzE-P6FGI6SO-hriO-mk8lJ/view?usp=drivesdk,📖 LIBROS DE TEXTO,libros/libros mostrar/CIENCIAS NATURALES/📖 LIBROS DE TEXTO
[6°] Secundaria Activa Ciencias Naturales 6°.pdf,1QEwtfbMPPFHTG0KCIMjm95MRW05TRYDZ,https://drive.google.com/file/d/1QEwtfbMPPFHTG0KCIMjm95MRW05TRYDZ/view?usp=drivesdk,📖 LIBROS DE TEXTO,libros/libros mostrar/CIENCIAS NATURALES/📖 LIBROS DE TEXTO
[5°] CN_Grado05_03.pdf,1veUdT52udfYxcpzSdIc7jZJd0ntd0o-Z,https://drive.google.com/file/d/1veUdT52udfYxcpzSdIc7jZJd0ntd0o-Z/view?usp=drivesdk,📖 LIBROS DE TEXTO,libros/libros mostrar/CIENCIAS NATURALES/📖 LIBROS DE TEXTO
[5°] CN_Grado05_02.pdf,1kMyYA5QHSYGczuEe5BeXzwt_1hKET3ts,https://drive.google.com/file/d/1kMyYA5QHSYGczuEe5BeXzwt_1hKET3ts/view?usp=drivesdk,📖 LIBROS DE TEXTO,libros/libros mostrar/CIENCIAS NATURALES/📖 LIBROS DE TEXTO
[5°] CN_Grado05_01.pdf,1EAgIc3KxVZKM4oG0Dl-6pNlWqbo_TCWB,https://drive.google.com/file/d/1EAgIc3KxVZKM4oG0Dl-6pNlWqbo_TCWB/view?usp=drivesdk,📖 LIBROS DE TEXTO,libros/libros mostrar/CIENCIAS NATURALES/📖 LIBROS DE TEXTO
[4°] CN_Grado04_02.pdf,1mT7VTMDiM5qsjzKA4Uw8GhBKWsNgLDgS,https://drive.google.com/file/d/1mT7VTMDiM5qsjzKA4Uw8GhBKWsNgLDgS/view?usp=drivesdk,📖 LIBROS DE TEXTO,libros/libros mostrar/CIENCIAS NATURALES/📖 LIBROS DE TEXTO
[4°] CN_Grado04_03.pdf,1l7iUS4-IwuehSp1qCb-SLNhLBFgtTsfd,https://drive.google.com/file/d/1l7iUS4-IwuehSp1qCb-SLNhLBFgtTsfd/view?usp=drivesdk,📖 LIBROS DE TEXTO,libros/libros mostrar/CIENCIAS NATURALES/📖 LIBROS DE TEXTO
[4°] CN_Grado04_01.pdf,1XBvJk_BkMSDvsiDvl6FFX0aGyTbBRMbf,https://drive.google.com/file/d/1XBvJk_BkMSDvsiDvl6FFX0aGyTbBRMbf/view?usp=drivesdk,📖 LIBROS DE TEXTO,libros/libros mostrar/CIENCIAS NATURALES/📖 LIBROS DE TEXTO
[3°] CN_Grado03_03.pdf,1hOkYzj6Hog6cWMw2yA4yi1-AMHYVd-3v,https://drive.google.com/file/d/1hOkYzj6Hog6cWMw2yA4yi1-AMHYVd-3v/view?usp=drivesdk,📖 LIBROS DE TEXTO,libros/libros mostrar/CIENCIAS NATURALES/📖 LIBROS DE TEXTO
[3°] CN_Grado03_02.pdf,1Dw1SkkTyW-zw1p-oLcWnfaWfGHYEhUbG,https://drive.google.com/file/d/1Dw1SkkTyW-zw1p-oLcWnfaWfGHYEhUbG/view?usp=drivesdk,📖 LIBROS DE TEXTO,libros/libros mostrar/CIENCIAS NATURALES/📖 LIBROS DE TEXTO
[3°] CN_Grado03_01.pdf,1YgJ3rKSjr4sDi0wk_0zvO-1Krj84htuF,https://drive.google.com/file/d/1YgJ3rKSjr4sDi0wk_0zvO-1Krj84htuF/view?usp=drivesdk,📖 LIBROS DE TEXTO,libros/libros mostrar/CIENCIAS NATURALES/📖 LIBROS DE TEXTO
[2°] CN_Grado02_01.pdf,1mCdQFqSm5JCMaYO56SBfgJJUjTs9Tp14,https://drive.google.com/file/d/1mCdQFqSm5JCMaYO56SBfgJJUjTs9Tp14/view?usp=drivesdk,📖 LIBROS DE TEXTO,libros/libros mostrar/CIENCIAS NATURALES/📖 LIBROS DE TEXTO
[2°] CN_Grado02_03.pdf,1zUXDkdKqSaL1LaUhrOv6TfDfnvbMmGRf,https://drive.google.com/file/d/1zUXDkdKqSaL1LaUhrOv6TfDfnvbMmGRf/view?usp=drivesdk,📖 LIBROS DE TEXTO,libros/libros mostrar/CIENCIAS NATURALES/📖 LIBROS DE TEXTO
[2°] CN_Grado02_02.pdf,17uZ8Sq8m4M6EjxJ_vtk0waJToFtsHcdA,https://drive.google.com/file/d/17uZ8Sq8m4M6EjxJ_vtk0waJToFtsHcdA/view?usp=drivesdk,📖 LIBROS DE TEXTO,libros/libros mostrar/CIENCIAS NATURALES/📖 LIBROS DE TEXTO
[8°] CN_Grado8.pdf,1lofW9PJywfhC_87J5k4HCZYS_mKO6P9e,https://drive.google.com/file/d/1lofW9PJywfhC_87J5k4HCZYS_mKO6P9e/view?usp=drivesdk,📖 LIBROS DE TEXTO,libros/libros mostrar/CIENCIAS NATURALES/📖 LIBROS DE TEXTO
[8°] Secundaria Activa Ciencias Naturales 8°.pdf,18SwOYcAJeKZuGikdFMSVNP3X4lbqUcgh,https://drive.google.com/file/d/18SwOYcAJeKZuGikdFMSVNP3X4lbqUcgh/view?usp=drivesdk,📖 LIBROS DE TEXTO,libros/libros mostrar/CIENCIAS NATURALES/📖 LIBROS DE TEXTO
[9°] CN_Grado9.pdf,1fivX-qPtoHAjSzaHxBL1_PUH0S4gCpjV,https://drive.google.com/file/d/1fivX-qPtoHAjSzaHxBL1_PUH0S4gCpjV/view?usp=drivesdk,📖 LIBROS DE TEXTO,libros/libros mostrar/CIENCIAS NATURALES/📖 LIBROS DE TEXTO
[9°] Secundaria Activa Ciencias Naturales 9°.pdf,1t6vL2h7avZa3jOzFYnufVBym5znZmyqm,https://drive.google.com/file/d/1t6vL2h7avZa3jOzFYnufVBym5znZmyqm/view?usp=drivesdk,📖 LIBROS DE TEXTO,libros/libros mostrar/CIENCIAS NATURALES/📖 LIBROS DE TEXTO
[4°] Insertos_sociales_04_Cartilla 02.pdf,1VKc2kBLiubWMwH6xe-IJb2Z8Xi5gC1X_,https://drive.google.com/file/d/1VKc2kBLiubWMwH6xe-IJb2Z8Xi5gC1X_/view?usp=drivesdk,📂 MATERIAL DE APOYO,libros/libros mostrar/CIENCIAS SOCIALES/📂 MATERIAL DE APOYO
[4°] Insertos_sociales_04_Cartilla 01.pdf,1fx_WfBzF4Rlv4tCSTquxf-GH3RGIkd7L,https://drive.google.com/file/d/1fx_WfBzF4Rlv4tCSTquxf-GH3RGIkd7L/view?usp=drivesdk,📂 MATERIAL DE APOYO,libros/libros mostrar/CIENCIAS SOCIALES/📂 MATERIAL DE APOYO
[3°] Insertos_sociales_03_Cartilla 02.pdf,1-S9xFXbHn79LDNEDovx23YDObhlGeKIF,https://drive.google.com/file/d/1-S9xFXbHn79LDNEDovx23YDObhlGeKIF/view?usp=drivesdk,📂 MATERIAL DE APOYO,libros/libros mostrar/CIENCIAS SOCIALES/📂 MATERIAL DE APOYO
[3°] Insertos_sociales_03_Cartilla 01.pdf,1whBbjfjbWn_3u1Kyc2R25N5yYE8u1Mwe,https://drive.google.com/file/d/1whBbjfjbWn_3u1Kyc2R25N5yYE8u1Mwe/view?usp=drivesdk,📂 MATERIAL DE APOYO,libros/libros mostrar/CIENCIAS SOCIALES/📂 MATERIAL DE APOYO
[8°] SOC_8_VOL_2_DOC-COMPLETO.pdf,1JYEP8o9f-XnvtXkomdboykQdp_2DqRmD,https://drive.google.com/file/d/1JYEP8o9f-XnvtXkomdboykQdp_2DqRmD/view?usp=drivesdk,📂 MATERIAL DE APOYO,libros/libros mostrar/CIENCIAS SOCIALES/📂 MATERIAL DE APOYO
[4°] Ciencias-sociales-y-competencias-ciudadanas-4o-Guias-de-aprendizaje.pdf,113tQMtvIoCQ1Fm7PMEePT9MEIFlcwgTj,https://drive.google.com/file/d/113tQMtvIoCQ1Fm7PMEePT9MEIFlcwgTj/view?usp=drivesdk,📋 GUÍAS DE APRENDIZAJE,libros/libros mostrar/CIENCIAS SOCIALES/📋 GUÍAS DE APRENDIZAJE
[3°] Ciencias-sociales-y-competencias-ciudadanas-3o-Guias-de-aprendizaje.pdf,11KnAZGTBDKGSQWBWdWpjKT5aaG71rWai,https://drive.google.com/file/d/11KnAZGTBDKGSQWBWdWpjKT5aaG71rWai/view?usp=drivesdk,📋 GUÍAS DE APRENDIZAJE,libros/libros mostrar/CIENCIAS SOCIALES/📋 GUÍAS DE APRENDIZAJE
[2°] Ciencias-sociales-y-competencias-ciudadanas-2o-Guias-de-aprendizaje.pdf,1oIggKGOAV36_fnixLfSd_4IRsom_jWoG,https://drive.google.com/file/d/1oIggKGOAV36_fnixLfSd_4IRsom_jWoG/view?usp=drivesdk,📋 GUÍAS DE APRENDIZAJE,libros/libros mostrar/CIENCIAS SOCIALES/📋 GUÍAS DE APRENDIZAJE
[6°] SOC_6_UNIDAD1_DOC.pdf,16eP89NM-FfMuOX0mTZtyaJyo2hGB5SgI,https://drive.google.com/file/d/16eP89NM-FfMuOX0mTZtyaJyo2hGB5SgI/view?usp=drivesdk,📚 CARTILLAS,libros/libros mostrar/CIENCIAS SOCIALES/📚 CARTILLAS
[6°] SOC_6_UNIDAD1_EST.pdf,1wQpJzm8fyIcAIUAr7CbV2PVMkS_v9-pX,https://drive.google.com/file/d/1wQpJzm8fyIcAIUAr7CbV2PVMkS_v9-pX/view?usp=drivesdk,📚 CARTILLAS,libros/libros mostrar/CIENCIAS SOCIALES/📚 CARTILLAS
[7°] Grado_7_guía_docentes_SOC_B4IMPRESION-min.pdf,1JQBASRIPxz5tMi0K_eCKRwg7KHZmeGNB,https://drive.google.com/file/d/1JQBASRIPxz5tMi0K_eCKRwg7KHZmeGNB/view?usp=drivesdk,👩‍🏫 GUÍAS DOCENTE,libros/libros mostrar/CIENCIAS SOCIALES/👩‍🏫 GUÍAS DOCENTE
[7°] Grado_7_guía_docentes_SOC_B3IMPRESION-min.pdf,122DpOUv7om6Clq1nOBV5QjSCYEwYztWa,https://drive.google.com/file/d/122DpOUv7om6Clq1nOBV5QjSCYEwYztWa/view?usp=drivesdk,👩‍🏫 GUÍAS DOCENTE,libros/libros mostrar/CIENCIAS SOCIALES/👩‍🏫 GUÍAS DOCENTE
[7°] Grado_7_guía_docentes_SOC_B2IMPRESION-min.pdf,1gNABV_27vV1QOSx5PUzeCpPaXNM2qaLc,https://drive.google.com/file/d/1gNABV_27vV1QOSx5PUzeCpPaXNM2qaLc/view?usp=drivesdk,👩‍🏫 GUÍAS DOCENTE,libros/libros mostrar/CIENCIAS SOCIALES/👩‍🏫 GUÍAS DOCENTE
[7°] Grado_7_guía_docentes_SOC_B1IMPRESION-min.pdf,1SmaBrxQkBACsKJjGSSUvwP9kX6Bc06Xz,https://drive.google.com/file/d/1SmaBrxQkBACsKJjGSSUvwP9kX6Bc06Xz/view?usp=drivesdk,👩‍🏫 GUÍAS DOCENTE,libros/libros mostrar/CIENCIAS SOCIALES/👩‍🏫 GUÍAS DOCENTE
[6°] Grado_6_guia_docentes_SOC_B2IMPRESION-min_compressed.pdf,1LB13KPWugcXT1vv7-6pvlNkm9kdXdky4,https://drive.google.com/file/d/1LB13KPWugcXT1vv7-6pvlNkm9kdXdky4/view?usp=drivesdk,👩‍🏫 GUÍAS DOCENTE,libros/libros mostrar/CIENCIAS SOCIALES/👩‍🏫 GUÍAS DOCENTE
[6°] Grado_6_guía_docentes_SOC_B3IMPRESION-min 1.pdf,1cs49ujiFKARPBT-cEkoCPvRJ1abjc0Q1,https://drive.google.com/file/d/1cs49ujiFKARPBT-cEkoCPvRJ1abjc0Q1/view?usp=drivesdk,👩‍🏫 GUÍAS DOCENTE,libros/libros mostrar/CIENCIAS SOCIALES/👩‍🏫 GUÍAS DOCENTE
[6°] Grado_6_guía_docentes_SOC_B4IMPRESION-min 1.pdf,1UTg-1_qj2uEEaKs2iGxTuOg94mUsLTi9,https://drive.google.com/file/d/1UTg-1_qj2uEEaKs2iGxTuOg94mUsLTi9/view?usp=drivesdk,👩‍🏫 GUÍAS DOCENTE,libros/libros mostrar/CIENCIAS SOCIALES/👩‍🏫 GUÍAS DOCENTE
[8°] SOC_8_VOL_1_DOC_COMPLETO.pdf,1pfyIafu9ZUuHqcI8xmPs35uft990eKL1,https://drive.google.com/file/d/1pfyIafu9ZUuHqcI8xmPs35uft990eKL1/view?usp=drivesdk,👩‍🏫 GUÍAS DOCENTE,libros/libros mostrar/CIENCIAS SOCIALES/👩‍🏫 GUÍAS DOCENTE
[7°] Grado_7_guía_estudiantes_SOC_B3IMPRESION-min.pdf,1VOgFk07i1WKm2Eb2crXtfGzwkR2Va43E,https://drive.google.com/file/d/1VOgFk07i1WKm2Eb2crXtfGzwkR2Va43E/view?usp=drivesdk,🎒 GUÍAS ESTUDIANTE,libros/libros mostrar/CIENCIAS SOCIALES/🎒 GUÍAS ESTUDIANTE
[7°] Grado_7_guía_estudiantes_SOC_B2IMPRESION-min.pdf,1RNs0UEnWXQikiI87ZgKORxfxb88rJaWv,https://drive.google.com/file/d/1RNs0UEnWXQikiI87ZgKORxfxb88rJaWv/view?usp=drivesdk,🎒 GUÍAS ESTUDIANTE,libros/libros mostrar/CIENCIAS SOCIALES/🎒 GUÍAS ESTUDIANTE
[6°] Grado_6_guia_estudiantes_SOC_B2IMPRESION-min.pdf,1GvzpgT0yTH_k_164kaS8DxoHMjGWnSIN,https://drive.google.com/file/d/1GvzpgT0yTH_k_164kaS8DxoHMjGWnSIN/view?usp=drivesdk,🎒 GUÍAS ESTUDIANTE,libros/libros mostrar/CIENCIAS SOCIALES/🎒 GUÍAS ESTUDIANTE
[6°] Grado_6_guía_estudiantes_SOC_B3IMPRESION-min.pdf,1GWQCmxxz3iby-2R8niHt7YBrZnBBzgyo,https://drive.google.com/file/d/1GWQCmxxz3iby-2R8niHt7YBrZnBBzgyo/view?usp=drivesdk,🎒 GUÍAS ESTUDIANTE,libros/libros mostrar/CIENCIAS SOCIALES/🎒 GUÍAS ESTUDIANTE
[6°] Grado_6_guía_estudiantes_SOC_B4IMPRESION-min.pdf,1asDszv7AUMWC2ChMWIuQ7YpNyknlLgLu,https://drive.google.com/file/d/1asDszv7AUMWC2ChMWIuQ7YpNyknlLgLu/view?usp=drivesdk,🎒 GUÍAS ESTUDIANTE,libros/libros mostrar/CIENCIAS SOCIALES/🎒 GUÍAS ESTUDIANTE
[8°] SOC_8_VOL-UNICO_EST_WEB_COMPLETO.pdf,1c6yNI1V77G_U6TeVKwRbDjUoW9fwRtwm,https://drive.google.com/file/d/1c6yNI1V77G_U6TeVKwRbDjUoW9fwRtwm/view?usp=drivesdk,🎒 GUÍAS ESTUDIANTE,libros/libros mostrar/CIENCIAS SOCIALES/🎒 GUÍAS ESTUDIANTE
[9°] SOC_9_B3_EST_WEB_COMPLETO.pdf,1nAuPKlCwMl95DjnD2WL_EbFbchOE0Uy1,https://drive.google.com/file/d/1nAuPKlCwMl95DjnD2WL_EbFbchOE0Uy1/view?usp=drivesdk,🎒 GUÍAS ESTUDIANTE,libros/libros mostrar/CIENCIAS SOCIALES/🎒 GUÍAS ESTUDIANTE
[9°] SOC_9_B4_EST_WEB_COMPLETO.pdf,1U5M9eFzOam-DYvoIUjH-TKNbqgT8_JNp,https://drive.google.com/file/d/1U5M9eFzOam-DYvoIUjH-TKNbqgT8_JNp/view?usp=drivesdk,🎒 GUÍAS ESTUDIANTE,libros/libros mostrar/CIENCIAS SOCIALES/🎒 GUÍAS ESTUDIANTE
[9°] SOC_9_B2_EST_WEB_COMPLETO.pdf,1TZl_Dur1fTXavFcan_zRE_WerOW3AjDB,https://drive.google.com/file/d/1TZl_Dur1fTXavFcan_zRE_WerOW3AjDB/view?usp=drivesdk,🎒 GUÍAS ESTUDIANTE,libros/libros mostrar/CIENCIAS SOCIALES/🎒 GUÍAS ESTUDIANTE
[9°] SOC_9_B1_EST_WEB_COMPLETO.pdf,13Q47TyeVeR-IfGvl2IJ2b23yhk3GSC89,https://drive.google.com/file/d/13Q47TyeVeR-IfGvl2IJ2b23yhk3GSC89/view?usp=drivesdk,🎒 GUÍAS ESTUDIANTE,libros/libros mostrar/CIENCIAS SOCIALES/🎒 GUÍAS ESTUDIANTE
[7°] CS_Grado7.pdf,1SnzYedPiJphLfOffetaNauED0otNGaay,https://drive.google.com/file/d/1SnzYedPiJphLfOffetaNauED0otNGaay/view?usp=drivesdk,📖 LIBROS DE TEXTO,libros/libros mostrar/CIENCIAS SOCIALES/📖 LIBROS DE TEXTO
[7°] Secundaria Activa Ciencias Sociales 7°.pdf,1KAvV2Fk2rQRkli80sdUVpCVsORkF0ozl,https://drive.google.com/file/d/1KAvV2Fk2rQRkli80sdUVpCVsORkF0ozl/view?usp=drivesdk,📖 LIBROS DE TEXTO,libros/libros mostrar/CIENCIAS SOCIALES/📖 LIBROS DE TEXTO
[6°] CS_Grado6.pdf,1RsVOiaJTDTv7f_XB3Z2ypmbQjS8qyztu,https://drive.google.com/file/d/1RsVOiaJTDTv7f_XB3Z2ypmbQjS8qyztu/view?usp=drivesdk,📖 LIBROS DE TEXTO,libros/libros mostrar/CIENCIAS SOCIALES/📖 LIBROS DE TEXTO
[6°] Secundaria Activa Ciencias Sociales 6°.pdf,1Y6Il3Ome4oBczJiFCQUQz7O3j6Ds5a42,https://drive.google.com/file/d/1Y6Il3Ome4oBczJiFCQUQz7O3j6Ds5a42/view?usp=drivesdk,📖 LIBROS DE TEXTO,libros/libros mostrar/CIENCIAS SOCIALES/📖 LIBROS DE TEXTO
[4°] CS_Grado4_02.pdf,1Y27p-AqdEZRCZAwVwT6I6yTV5obyqI4K,https://drive.google.com/file/d/1Y27p-AqdEZRCZAwVwT6I6yTV5obyqI4K/view?usp=drivesdk,📖 LIBROS DE TEXTO,libros/libros mostrar/CIENCIAS SOCIALES/📖 LIBROS DE TEXTO
[4°] CS_Grado4_01.pdf,1ZMKC4gV80O8AjN-VwNrTTy0molp6hHC6,https://drive.google.com/file/d/1ZMKC4gV80O8AjN-VwNrTTy0molp6hHC6/view?usp=drivesdk,📖 LIBROS DE TEXTO,libros/libros mostrar/CIENCIAS SOCIALES/📖 LIBROS DE TEXTO
[3°] CS_Grado3_01.pdf,1S29MFgVauw46UNxPhAnHDxbiAY3ITxiy,https://drive.google.com/file/d/1S29MFgVauw46UNxPhAnHDxbiAY3ITxiy/view?usp=drivesdk,📖 LIBROS DE TEXTO,libros/libros mostrar/CIENCIAS SOCIALES/📖 LIBROS DE TEXTO
[3°] CS_Grado3_02.pdf,1gWpbIH_oFWpLzyVq3W9otrFxw2vJ-HAU,https://drive.google.com/file/d/1gWpbIH_oFWpLzyVq3W9otrFxw2vJ-HAU/view?usp=drivesdk,📖 LIBROS DE TEXTO,libros/libros mostrar/CIENCIAS SOCIALES/📖 LIBROS DE TEXTO
[2°] CS_Grado2_02.pdf,1uJf45pvlhoKTIZGG2PHFnXZHkhBEpXDd,https://drive.google.com/file/d/1uJf45pvlhoKTIZGG2PHFnXZHkhBEpXDd/view?usp=drivesdk,📖 LIBROS DE TEXTO,libros/libros mostrar/CIENCIAS SOCIALES/📖 LIBROS DE TEXTO
[2°] CS_Grado2_01.pdf,1O9Ie-bMT5ucdpUfcl13GiuYT-Djsi_fZ,https://drive.google.com/file/d/1O9Ie-bMT5ucdpUfcl13GiuYT-Djsi_fZ/view?usp=drivesdk,📖 LIBROS DE TEXTO,libros/libros mostrar/CIENCIAS SOCIALES/📖 LIBROS DE TEXTO
[8°] CS_Grado8.pdf,1dnDelBxX7QYjxeDwGHS08P_Qj3P0Ox6v,https://drive.google.com/file/d/1dnDelBxX7QYjxeDwGHS08P_Qj3P0Ox6v/view?usp=drivesdk,📖 LIBROS DE TEXTO,libros/libros mostrar/CIENCIAS SOCIALES/📖 LIBROS DE TEXTO
[8°] Secundaria Activa Ciencias Sociales 8°.pdf,1smGr_Ws8X1tNR0n05fHgmX8AMO0OC_70,https://drive.google.com/file/d/1smGr_Ws8X1tNR0n05fHgmX8AMO0OC_70/view?usp=drivesdk,📖 LIBROS DE TEXTO,libros/libros mostrar/CIENCIAS SOCIALES/📖 LIBROS DE TEXTO
[9°] CS_Grado9.pdf,1NebQ74AbMLno2qAapsw6BUa7y-onc0rA,https://drive.google.com/file/d/1NebQ74AbMLno2qAapsw6BUa7y-onc0rA/view?usp=drivesdk,📖 LIBROS DE TEXTO,libros/libros mostrar/CIENCIAS SOCIALES/📖 LIBROS DE TEXTO
[9°] Secundaria Activa Ciencias Sociales 9°.pdf,193XlzxMZ95LPVm98xcSDIgJliE0VxMMi,https://drive.google.com/file/d/193XlzxMZ95LPVm98xcSDIgJliE0VxMMi/view?usp=drivesdk,📖 LIBROS DE TEXTO,libros/libros mostrar/CIENCIAS SOCIALES/📖 LIBROS DE TEXTO
[6°] EFR_Grados_6_7.pdf,1P0zFq_rFAkztj0bBQpaRLMl6tUB9tS49,https://drive.google.com/file/d/1P0zFq_rFAkztj0bBQpaRLMl6tUB9tS49/view?usp=drivesdk,📂 MATERIAL DE APOYO,libros/libros mostrar/EDUC. FÍSICA/📂 MATERIAL DE APOYO
[8°] EFR_Grados_8_9.pdf,1AUfXGkFDLg0EL_9gz9NMkrxsMyK6imKA,https://drive.google.com/file/d/1AUfXGkFDLg0EL_9gz9NMkrxsMyK6imKA/view?usp=drivesdk,📂 MATERIAL DE APOYO,libros/libros mostrar/EDUC. FÍSICA/📂 MATERIAL DE APOYO
[7°] Secundaria Activa Educación Física 7°.pdf,134FSthL6PlxXlcweK4Bu08fflEKwUxfx,https://drive.google.com/file/d/134FSthL6PlxXlcweK4Bu08fflEKwUxfx/view?usp=drivesdk,📖 LIBROS DE TEXTO,libros/libros mostrar/EDUC. FÍSICA/📖 LIBROS DE TEXTO
[6°] Secundaria Activa Educación Física 6°.pdf,1hmoayX-xUEGNanxMw7djjvnpHl7xxTt4,https://drive.google.com/file/d/1hmoayX-xUEGNanxMw7djjvnpHl7xxTt4/view?usp=drivesdk,📖 LIBROS DE TEXTO,libros/libros mostrar/EDUC. FÍSICA/📖 LIBROS DE TEXTO
[8°] Secundaria Activa Educación Física 8°.pdf,15ig0AlV9B8si4mQimer5XgZW12XSKmCH,https://drive.google.com/file/d/15ig0AlV9B8si4mQimer5XgZW12XSKmCH/view?usp=drivesdk,📖 LIBROS DE TEXTO,libros/libros mostrar/EDUC. FÍSICA/📖 LIBROS DE TEXTO
[9°] Secundaria Activa Educación Física 9°.pdf,1jXGiEmkhXueYFvZxOvRAeOtSqvstoJJz,https://drive.google.com/file/d/1jXGiEmkhXueYFvZxOvRAeOtSqvstoJJz/view?usp=drivesdk,📖 LIBROS DE TEXTO,libros/libros mostrar/EDUC. FÍSICA/📖 LIBROS DE TEXTO
[5°] Etica-y-educacion-para-la-paz-5o-Guias-de-aprendizaje.pdf,106BVtOEYg7qIHNWCUgGUlTo_NVUxz7hR,https://drive.google.com/file/d/106BVtOEYg7qIHNWCUgGUlTo_NVUxz7hR/view?usp=drivesdk,📋 GUÍAS DE APRENDIZAJE,libros/libros mostrar/ÉTICA Y VALORES/📋 GUÍAS DE APRENDIZAJE
[4°] Etica-y-educacion-para-la-paz-4o-Guias-de-aprendizaje .pdf,1nG5zweP4s_yrs4njGIj9K2L5enoSsEye,https://drive.google.com/file/d/1nG5zweP4s_yrs4njGIj9K2L5enoSsEye/view?usp=drivesdk,📋 GUÍAS DE APRENDIZAJE,libros/libros mostrar/ÉTICA Y VALORES/📋 GUÍAS DE APRENDIZAJE
[3°] Etica-y-educacion-para-la-paz-3o-Guias-de-aprendizaje.pdf,1h-cfXTb3ZWFoslOiowvGh44KSIaenR9Q,https://drive.google.com/file/d/1h-cfXTb3ZWFoslOiowvGh44KSIaenR9Q/view?usp=drivesdk,📋 GUÍAS DE APRENDIZAJE,libros/libros mostrar/ÉTICA Y VALORES/📋 GUÍAS DE APRENDIZAJE
[2°] Etica-y-educacion-para-la-paz-2o-Guias-de-aprendizaje.pdf,1FTmr-szcaHy1TsheBDRc5mLAWAZfCwY_,https://drive.google.com/file/d/1FTmr-szcaHy1TsheBDRc5mLAWAZfCwY_/view?usp=drivesdk,📋 GUÍAS DE APRENDIZAJE,libros/libros mostrar/ÉTICA Y VALORES/📋 GUÍAS DE APRENDIZAJE
[6°] Etica_Grado_6_7.pdf,1gRfGDSq10wpRQsYkSvchMBDv1DGCBetT,https://drive.google.com/file/d/1gRfGDSq10wpRQsYkSvchMBDv1DGCBetT/view?usp=drivesdk,📂 MATERIAL DE APOYO,libros/libros mostrar/ÉTICA Y VALORES/📂 MATERIAL DE APOYO
[8°] Etica_Grado_8_9.pdf,1ZjD0BfSyKKH5l-qf8DBRrS55VIJHS7Ia,https://drive.google.com/file/d/1ZjD0BfSyKKH5l-qf8DBRrS55VIJHS7Ia/view?usp=drivesdk,📂 MATERIAL DE APOYO,libros/libros mostrar/ÉTICA Y VALORES/📂 MATERIAL DE APOYO
[7°] Secundaria Activa Ética 7°.pdf,1n19yMKqC92Tv6mGrWIfelga9pewwap5h,https://drive.google.com/file/d/1n19yMKqC92Tv6mGrWIfelga9pewwap5h/view?usp=drivesdk,📖 LIBROS DE TEXTO,libros/libros mostrar/ÉTICA Y VALORES/📖 LIBROS DE TEXTO
[6°] Secundaria Activa Ética 6°.pdf,1XzePKWXPw0JVwnMya-UkXjYfril-D-t1,https://drive.google.com/file/d/1XzePKWXPw0JVwnMya-UkXjYfril-D-t1/view?usp=drivesdk,📖 LIBROS DE TEXTO,libros/libros mostrar/ÉTICA Y VALORES/📖 LIBROS DE TEXTO
[8°] Secundaria Activa Ética 8°.pdf,1c3jyPeL2SS6g3uCdDdHhWwY-WZRNCiFH,https://drive.google.com/file/d/1c3jyPeL2SS6g3uCdDdHhWwY-WZRNCiFH/view?usp=drivesdk,📖 LIBROS DE TEXTO,libros/libros mostrar/ÉTICA Y VALORES/📖 LIBROS DE TEXTO
[9°] Secundaria Activa Ética 9°.pdf,1aQeibkZOWrQVC8P232BW7ifWQBDGH5YL,https://drive.google.com/file/d/1aQeibkZOWrQVC8P232BW7ifWQBDGH5YL/view?usp=drivesdk,📖 LIBROS DE TEXTO,libros/libros mostrar/ÉTICA Y VALORES/📖 LIBROS DE TEXTO
Copia de Guía del Docente_Gran Libro de Cuentos - Primero.pdf,1Wnw8mu2-y8f3mdVFs9cKUyQLeKJ79E3C,https://drive.google.com/file/d/1Wnw8mu2-y8f3mdVFs9cKUyQLeKJ79E3C/view?usp=drivesdk,👩‍🏫 GUÍAS DOCENTE,libros/libros mostrar/GUÍA DOCENTE/👩‍🏫 GUÍAS DOCENTE
Anexos_Mejora_DOC_Bimestre3.pdf,1ANn4HMIeQ2XPef7Y3KWjPEXYieXSWvJ2,https://drive.google.com/file/d/1ANn4HMIeQ2XPef7Y3KWjPEXYieXSWvJ2/view?usp=drivesdk,👩‍🏫 GUÍAS DOCENTE,libros/libros mostrar/GUÍA DOCENTE/👩‍🏫 GUÍAS DOCENTE
Anexos_Mejoras_DOC_Bimestre4.pdf,1nVcEqRwtdDREYr8rfA8zvep3NcFlQA2D,https://drive.google.com/file/d/1nVcEqRwtdDREYr8rfA8zvep3NcFlQA2D/view?usp=drivesdk,👩‍🏫 GUÍAS DOCENTE,libros/libros mostrar/GUÍA DOCENTE/👩‍🏫 GUÍAS DOCENTE
Anexos_Mejoras_DOC_Bimestre2.pdf,1CKwS6d7qcYJlL-ZaDPd1OqhZW65McKjo,https://drive.google.com/file/d/1CKwS6d7qcYJlL-ZaDPd1OqhZW65McKjo/view?usp=drivesdk,👩‍🏫 GUÍAS DOCENTE,libros/libros mostrar/GUÍA DOCENTE/👩‍🏫 GUÍAS DOCENTE
Anexos_Mejoras_Docentes_Bimestre1.pdf,1eNd-1XpKvB30MtGvdebqX37qICTh3voe,https://drive.google.com/file/d/1eNd-1XpKvB30MtGvdebqX37qICTh3voe/view?usp=drivesdk,👩‍🏫 GUÍAS DOCENTE,libros/libros mostrar/GUÍA DOCENTE/👩‍🏫 GUÍAS DOCENTE
ASF-NAT-G7-B3-DOC_WEB.pdf,1M2fi8xfqG8PR-u9l-zKbMrvvHLlfVOVx,https://drive.google.com/file/d/1M2fi8xfqG8PR-u9l-zKbMrvvHLlfVOVx/view?usp=drivesdk,👩‍🏫 GUÍAS DOCENTE,libros/libros mostrar/GUÍA DOCENTE/👩‍🏫 GUÍAS DOCENTE
ASF_LEN_DOC_G6_B2_PDF_WEB.pdf,10QPaId9I_m3DIxSd3exGWuBljEQHX00f,https://drive.google.com/file/d/10QPaId9I_m3DIxSd3exGWuBljEQHX00f/view?usp=drivesdk,👩‍🏫 GUÍAS DOCENTE,libros/libros mostrar/GUÍA DOCENTE/👩‍🏫 GUÍAS DOCENTE
Copia de 04 CC GUÍA DOCENTE.pdf,1YKOzjEI4JrGwd7yQQqt__h4Fdhy2X4yP,https://drive.google.com/file/d/1YKOzjEI4JrGwd7yQQqt__h4Fdhy2X4yP/view?usp=drivesdk,👩‍🏫 GUÍAS DOCENTE,libros/libros mostrar/GUÍA DOCENTE/👩‍🏫 GUÍAS DOCENTE
Libro del Docente - Vamos a Aprender - Matemáticas 4º.pdf,1txJ7uQ9NsHzWnlUw47VSQ-rCDhZo1l4g,https://drive.google.com/file/d/1txJ7uQ9NsHzWnlUw47VSQ-rCDhZo1l4g/view?usp=drivesdk,👩‍🏫 GUÍAS DOCENTE,libros/libros mostrar/GUÍA DOCENTE/👩‍🏫 GUÍAS DOCENTE
guia docente 3.pdf,17iwNy60BgEW0mMXaJ9bXtWNx7eeOkzHj,https://drive.google.com/file/d/17iwNy60BgEW0mMXaJ9bXtWNx7eeOkzHj/view?usp=drivesdk,👩‍🏫 GUÍAS DOCENTE,libros/libros mostrar/GUÍA DOCENTE/👩‍🏫 GUÍAS DOCENTE
Libro del Docente - Vamos a Aprender - Lenguaje 8º.pdf,1IlI_mScCIZSgi7sNm-ePRbzWYBlwUFlW,https://drive.google.com/file/d/1IlI_mScCIZSgi7sNm-ePRbzWYBlwUFlW/view?usp=drivesdk,👩‍🏫 GUÍAS DOCENTE,libros/libros mostrar/GUÍA DOCENTE/👩‍🏫 GUÍAS DOCENTE
Libro del Docente - Vamos a Aprender - Matemáticas 9º.pdf,1YJ3gfgfQlNXO-Z4NMFeYcLWOLNkFL4EX,https://drive.google.com/file/d/1YJ3gfgfQlNXO-Z4NMFeYcLWOLNkFL4EX/view?usp=drivesdk,👩‍🏫 GUÍAS DOCENTE,libros/libros mostrar/GUÍA DOCENTE/👩‍🏫 GUÍAS DOCENTE
Libro del Docente - Vamos a Aprender - Lenguaje 9º.pdf,1jY6scGASvRrP6ZDC7m2sYnrrTnuDicUd,https://drive.google.com/file/d/1jY6scGASvRrP6ZDC7m2sYnrrTnuDicUd/view?usp=drivesdk,👩‍🏫 GUÍAS DOCENTE,libros/libros mostrar/GUÍA DOCENTE/👩‍🏫 GUÍAS DOCENTE
G09-MAT-B2-DOC_WEB_COMPLETO.pdf,1epqdj0Crws0twNC81lfLyUMveXrJy0_y,https://drive.google.com/file/d/1epqdj0Crws0twNC81lfLyUMveXrJy0_y/view?usp=drivesdk,👩‍🏫 GUÍAS DOCENTE,libros/libros mostrar/GUÍA DOCENTE/👩‍🏫 GUÍAS DOCENTE
G09-MAT-B4-DOC_WEB_COMPLETO.pdf,1cMmtGi1xYd3ZkihfiwGLyENLQeOmwbr2,https://drive.google.com/file/d/1cMmtGi1xYd3ZkihfiwGLyENLQeOmwbr2/view?usp=drivesdk,👩‍🏫 GUÍAS DOCENTE,libros/libros mostrar/GUÍA DOCENTE/👩‍🏫 GUÍAS DOCENTE
G09-MAT-B1-DOC_WEB_COMPLETO.pdf,1nPx9Sor8HkY8nftbmaQs1yhezvY20YeZ,https://drive.google.com/file/d/1nPx9Sor8HkY8nftbmaQs1yhezvY20YeZ/view?usp=drivesdk,👩‍🏫 GUÍAS DOCENTE,libros/libros mostrar/GUÍA DOCENTE/👩‍🏫 GUÍAS DOCENTE
G09-LEN-B4-DOC_WEB_COMPLETO.pdf,1ORrd5UBzImDTlDLJXQk3QbLHpQPF4sNs,https://drive.google.com/file/d/1ORrd5UBzImDTlDLJXQk3QbLHpQPF4sNs/view?usp=drivesdk,👩‍🏫 GUÍAS DOCENTE,libros/libros mostrar/GUÍA DOCENTE/👩‍🏫 GUÍAS DOCENTE
G09-LEN-B2-DOC_WEB_COMPLETO.pdf,1bYTBgcJ-V1vnKNrS3xuYiK7kSnVLuHwe,https://drive.google.com/file/d/1bYTBgcJ-V1vnKNrS3xuYiK7kSnVLuHwe/view?usp=drivesdk,👩‍🏫 GUÍAS DOCENTE,libros/libros mostrar/GUÍA DOCENTE/👩‍🏫 GUÍAS DOCENTE
G09-LEN-B1-DOC_WEB_COMPLETO.pdf,1z0sQ9ujuTs8nJuwXeFBXeROCgRmnk2cN,https://drive.google.com/file/d/1z0sQ9ujuTs8nJuwXeFBXeROCgRmnk2cN/view?usp=drivesdk,👩‍🏫 GUÍAS DOCENTE,libros/libros mostrar/GUÍA DOCENTE/👩‍🏫 GUÍAS DOCENTE
G09-SOC-B4-DOC_WEB_COMPLETO.pdf,1QjeJ1wSvdp3ljdj6ncuBz2m21TiaAg4v,https://drive.google.com/file/d/1QjeJ1wSvdp3ljdj6ncuBz2m21TiaAg4v/view?usp=drivesdk,👩‍🏫 GUÍAS DOCENTE,libros/libros mostrar/GUÍA DOCENTE/👩‍🏫 GUÍAS DOCENTE
G09-SOC-B2-DOC_WEB_COMPLETO.pdf,1pXDTU_eYQxNODzW5p_1j_PJ9VWq1rCto,https://drive.google.com/file/d/1pXDTU_eYQxNODzW5p_1j_PJ9VWq1rCto/view?usp=drivesdk,👩‍🏫 GUÍAS DOCENTE,libros/libros mostrar/GUÍA DOCENTE/👩‍🏫 GUÍAS DOCENTE
G09-SOC-B1-DOC_WEB_COMPLETO.pdf,1eiFh1vLDJDMXh4cpVAjfJPCJvPkCYQvp,https://drive.google.com/file/d/1eiFh1vLDJDMXh4cpVAjfJPCJvPkCYQvp/view?usp=drivesdk,👩‍🏫 GUÍAS DOCENTE,libros/libros mostrar/GUÍA DOCENTE/👩‍🏫 GUÍAS DOCENTE
G09-CIEN-B4-DOC_WEB_COMPLETO.pdf,13RSjXoviGVCuX0s2BpLFKiTXC2MGnuQf,https://drive.google.com/file/d/13RSjXoviGVCuX0s2BpLFKiTXC2MGnuQf/view?usp=drivesdk,👩‍🏫 GUÍAS DOCENTE,libros/libros mostrar/GUÍA DOCENTE/👩‍🏫 GUÍAS DOCENTE
G09-CIE-B1-DOC_WEB_COMPLETO.pdf,1w41o4OVPJ2O0FRI5yoQxpO7t-VI9ga_w,https://drive.google.com/file/d/1w41o4OVPJ2O0FRI5yoQxpO7t-VI9ga_w/view?usp=drivesdk,👩‍🏫 GUÍAS DOCENTE,libros/libros mostrar/GUÍA DOCENTE/👩‍🏫 GUÍAS DOCENTE
G09-CIE-B2-DOC_WEB_COMPLETO.pdf,1UyTUp_cZCl1eU8odh0sQ0eKEi9g68DIY,https://drive.google.com/file/d/1UyTUp_cZCl1eU8odh0sQ0eKEi9g68DIY/view?usp=drivesdk,👩‍🏫 GUÍAS DOCENTE,libros/libros mostrar/GUÍA DOCENTE/👩‍🏫 GUÍAS DOCENTE
Libro del Docente - Vamos a Aprender - Matemáticas 10º.pdf,14OPL9T1MFHfRD1gMLMXcdoIlVWZmCX01,https://drive.google.com/file/d/14OPL9T1MFHfRD1gMLMXcdoIlVWZmCX01/view?usp=drivesdk,👩‍🏫 GUÍAS DOCENTE,libros/libros mostrar/GUÍA DOCENTE/👩‍🏫 GUÍAS DOCENTE
Libro del Docente - Vamos a Aprender - Matemáticas 11º.pdf,1cbhHHml3ffFOD8H281wwmu1yWqUl1d9G,https://drive.google.com/file/d/1cbhHHml3ffFOD8H281wwmu1yWqUl1d9G/view?usp=drivesdk,👩‍🏫 GUÍAS DOCENTE,libros/libros mostrar/GUÍA DOCENTE/👩‍🏫 GUÍAS DOCENTE
PPP_Orientaciones Docente.pdf,1ZL6Vx1tIecYittGaZ8VjdpBWgH8UBKpS,https://drive.google.com/file/d/1ZL6Vx1tIecYittGaZ8VjdpBWgH8UBKpS/view?usp=drivesdk,👩‍🏫 GUÍAS DOCENTE,libros/libros mostrar/GUÍA DOCENTE/👩‍🏫 GUÍAS DOCENTE
Guías didácticas del docente 6°, anexos.pdf,1f9EX6Pc5tZAR0bu2obndQrCm6QcELtoq,https://drive.google.com/file/d/1f9EX6Pc5tZAR0bu2obndQrCm6QcELtoq/view?usp=drivesdk,👩‍🏫 GUÍAS DOCENTE,libros/libros mostrar/GUÍA DOCENTE/👩‍🏫 GUÍAS DOCENTE
Guías didácticas del docente 7°, anexos.pdf,1vM3K1Cj4T3FouOLQ90iCeUw9kIm3nxnN,https://drive.google.com/file/d/1vM3K1Cj4T3FouOLQ90iCeUw9kIm3nxnN/view?usp=drivesdk,👩‍🏫 GUÍAS DOCENTE,libros/libros mostrar/GUÍA DOCENTE/👩‍🏫 GUÍAS DOCENTE
Guías didácticas del docente 9°, anexos.pdf,1-d_WfXd1hTASa8DK6xpTFm5_rbXVE_eL,https://drive.google.com/file/d/1-d_WfXd1hTASa8DK6xpTFm5_rbXVE_eL/view?usp=drivesdk,👩‍🏫 GUÍAS DOCENTE,libros/libros mostrar/GUÍA DOCENTE/👩‍🏫 GUÍAS DOCENTE
[7°] Guías didácticas del docente 7°.pdf,1DVk0eV361d59jWgL37axrXDUKsMMYMRD,https://drive.google.com/file/d/1DVk0eV361d59jWgL37axrXDUKsMMYMRD/view?usp=drivesdk,👩‍🏫 GUÍAS DOCENTE,libros/libros mostrar/GUÍA DOCENTE/👩‍🏫 GUÍAS DOCENTE
[6°] Guías didácticas del docente 6°.pdf,1w3feUxrOI-7vnAEwLIdwlUVZ3Oj0qU3e,https://drive.google.com/file/d/1w3feUxrOI-7vnAEwLIdwlUVZ3Oj0qU3e/view?usp=drivesdk,👩‍🏫 GUÍAS DOCENTE,libros/libros mostrar/GUÍA DOCENTE/👩‍🏫 GUÍAS DOCENTE
[4°] Copia de Guía docente grado 4º.pdf,178646uPrDt1Y50aiFtKgovEzrcTzJSLO,https://drive.google.com/file/d/178646uPrDt1Y50aiFtKgovEzrcTzJSLO/view?usp=drivesdk,👩‍🏫 GUÍAS DOCENTE,libros/libros mostrar/GUÍA DOCENTE/👩‍🏫 GUÍAS DOCENTE
[3°] Copia de Guía docente grado 3º.pdf,16pkC5HeTDfqM9Elwtl5h6-MsHG_jenoq,https://drive.google.com/file/d/16pkC5HeTDfqM9Elwtl5h6-MsHG_jenoq/view?usp=drivesdk,👩‍🏫 GUÍAS DOCENTE,libros/libros mostrar/GUÍA DOCENTE/👩‍🏫 GUÍAS DOCENTE
[8°] Guías didácticas del docente 8°.pdf,1lIiG9oyxydVMmVekQ_-nBPcm7XRz7roa,https://drive.google.com/file/d/1lIiG9oyxydVMmVekQ_-nBPcm7XRz7roa/view?usp=drivesdk,👩‍🏫 GUÍAS DOCENTE,libros/libros mostrar/GUÍA DOCENTE/👩‍🏫 GUÍAS DOCENTE
[9°] Guías didácticas del docente 9°.pdf,1jn-QzwnXC7SkH8PuhOFx6_oP9tQfbbGr,https://drive.google.com/file/d/1jn-QzwnXC7SkH8PuhOFx6_oP9tQfbbGr/view?usp=drivesdk,👩‍🏫 GUÍAS DOCENTE,libros/libros mostrar/GUÍA DOCENTE/👩‍🏫 GUÍAS DOCENTE
[7°] Grado_7_guia_estudiantes_1.pdf,19Lc5XKOlUfYVutANY44OxulqjIu899Az,https://drive.google.com/file/d/19Lc5XKOlUfYVutANY44OxulqjIu899Az/view?usp=drivesdk,🎒 GUÍAS ESTUDIANTE,libros/libros mostrar/🎒 GUÍAS ESTUDIANTE
[7°] Grado_7_guía_estudiantes.pdf,19M4TstJkszzauZ4V_d_STXekFYBJvXvq,https://drive.google.com/file/d/19M4TstJkszzauZ4V_d_STXekFYBJvXvq/view?usp=drivesdk,🎒 GUÍAS ESTUDIANTE,libros/libros mostrar/🎒 GUÍAS ESTUDIANTE
[6°] Aulas_6_ciencias_estudiantes.pdf,1m8eFPXA9k7GH6i1RCQ1V7oxw9br0TumX,https://drive.google.com/file/d/1m8eFPXA9k7GH6i1RCQ1V7oxw9br0TumX/view?usp=drivesdk,🎒 GUÍAS ESTUDIANTE,libros/libros mostrar/🎒 GUÍAS ESTUDIANTE
[7°] MT_Grado7.pdf,1pHD-Ax-DK4E-wQHpPJspBkynJ7oq-usy,https://drive.google.com/file/d/1pHD-Ax-DK4E-wQHpPJspBkynJ7oq-usy/view?usp=drivesdk,📖 LIBROS DE TEXTO,libros/libros mostrar/📖 LIBROS DE TEXTO
[6°] MT_Grado6.pdf,1wcvGOcTSYMO7iaupmpPwmyy-f_85eymB,https://drive.google.com/file/d/1wcvGOcTSYMO7iaupmpPwmyy-f_85eymB/view?usp=drivesdk,📖 LIBROS DE TEXTO,libros/libros mostrar/📖 LIBROS DE TEXTO
[5°] MT_Grado05_01.pdf,1dYFRVKvI308wlIQj3msN0VOP-Iiafakm,https://drive.google.com/file/d/1dYFRVKvI308wlIQj3msN0VOP-Iiafakm/view?usp=drivesdk,📖 LIBROS DE TEXTO,libros/libros mostrar/📖 LIBROS DE TEXTO
[5°] MT_Grado05_02.pdf,1sNW_uGsjdOiArgtV9C4GIr0WFBjaISN7,https://drive.google.com/file/d/1sNW_uGsjdOiArgtV9C4GIr0WFBjaISN7/view?usp=drivesdk,📖 LIBROS DE TEXTO,libros/libros mostrar/📖 LIBROS DE TEXTO
[4°] MT_Grado04_02.pdf,1uzpMglO1WAW060DMzV42600YgSi2NQ-Y,https://drive.google.com/file/d/1uzpMglO1WAW060DMzV42600YgSi2NQ-Y/view?usp=drivesdk,📖 LIBROS DE TEXTO,libros/libros mostrar/📖 LIBROS DE TEXTO
[4°] MT_Grado04_01.pdf,1rTxljHTqARd_cT3uQrB25e6z9BiTaqZg,https://drive.google.com/file/d/1rTxljHTqARd_cT3uQrB25e6z9BiTaqZg/view?usp=drivesdk,📖 LIBROS DE TEXTO,libros/libros mostrar/📖 LIBROS DE TEXTO
[3°] MT_Grado03_01.pdf,1XQvIhH0vk5LF9SOpp4f7gadVseasL0fp,https://drive.google.com/file/d/1XQvIhH0vk5LF9SOpp4f7gadVseasL0fp/view?usp=drivesdk,📖 LIBROS DE TEXTO,libros/libros mostrar/📖 LIBROS DE TEXTO
[3°] MT_Grado03_02.pdf,1DT8IqCKOBWml_lVFYgrtWa34QmUcWGXy,https://drive.google.com/file/d/1DT8IqCKOBWml_lVFYgrtWa34QmUcWGXy/view?usp=drivesdk,📖 LIBROS DE TEXTO,libros/libros mostrar/📖 LIBROS DE TEXTO
[2°] MT_Grado02_01.pdf,14oWpNoYRuUsvbWHq8YHBRn9siAVxUrAp,https://drive.google.com/file/d/14oWpNoYRuUsvbWHq8YHBRn9siAVxUrAp/view?usp=drivesdk,📖 LIBROS DE TEXTO,libros/libros mostrar/📖 LIBROS DE TEXTO
[2°] MT_Grado02_02.pdf,128pVin6f4FdkWJOESy-e109-vQDcdjYT,https://drive.google.com/file/d/128pVin6f4FdkWJOESy-e109-vQDcdjYT/view?usp=drivesdk,📖 LIBROS DE TEXTO,libros/libros mostrar/📖 LIBROS DE TEXTO
[8°] MT_Grado8.pdf,1fh1BLvcvtSkLmzc2Wzm4Sdi0zKYHmD_C,https://drive.google.com/file/d/1fh1BLvcvtSkLmzc2Wzm4Sdi0zKYHmD_C/view?usp=drivesdk,📖 LIBROS DE TEXTO,libros/libros mostrar/📖 LIBROS DE TEXTO
[9°] MT_Grado9.pdf,1EPw8giLYH0mGl4K2SnjK4T8P3LnzN3Ow,https://drive.google.com/file/d/1EPw8giLYH0mGl4K2SnjK4T8P3LnzN3Ow/view?usp=drivesdk,📖 LIBROS DE TEXTO,libros/libros mostrar/📖 LIBROS DE TEXTO
[7°] Secundaria Activa Matemáticas 7°.pdf,1U03oApfdF5WnbAsSxjK-uyUqBLNAlsci,https://drive.google.com/file/d/1U03oApfdF5WnbAsSxjK-uyUqBLNAlsci/view?usp=drivesdk,📖 LIBROS DE TEXTO,libros/libros mostrar/MATEMÁTICAS/📖 LIBROS DE TEXTO
[7°] Libro del Estudiante de Matemáticas 7° Vamos a Aprender.pdf,11y0Ppdjilk1mFvDUXI73xbrGWSUW0j5u,https://drive.google.com/file/d/11y0Ppdjilk1mFvDUXI73xbrGWSUW0j5u/view?usp=drivesdk,📖 LIBROS DE TEXTO,libros/libros mostrar/MATEMÁTICAS/📖 LIBROS DE TEXTO
[6°] Secundaria Activa Matemáticas 6°.pdf,1ZwmpzZtZz5Tr4jTA3Mq0oKbe0SewhURo,https://drive.google.com/file/d/1ZwmpzZtZz5Tr4jTA3Mq0oKbe0SewhURo/view?usp=drivesdk,📖 LIBROS DE TEXTO,libros/libros mostrar/MATEMÁTICAS/📖 LIBROS DE TEXTO
[6°] Libro del Estudiante de Matemáticas 6° Vamos a Aprender.pdf,1bve22ZeHdx9wvsRkdCl6GcTVmwzNP5P9,https://drive.google.com/file/d/1bve22ZeHdx9wvsRkdCl6GcTVmwzNP5P9/view?usp=drivesdk,📖 LIBROS DE TEXTO,libros/libros mostrar/MATEMÁTICAS/📖 LIBROS DE TEXTO
[4°] Cuaderno de Trabajo de Matemáticas 4° Vamos a Aprender.pdf,1TFJQ7ABU15zOGtOpw8dOv0GLrmZMd6bP,https://drive.google.com/file/d/1TFJQ7ABU15zOGtOpw8dOv0GLrmZMd6bP/view?usp=drivesdk,📖 LIBROS DE TEXTO,libros/libros mostrar/MATEMÁTICAS/📖 LIBROS DE TEXTO
[4°] Libro del Estudiante de Matemáticas 4° Vamos a Aprender.pdf,1b0_nPmKnwaeJzERqAP9pFK-qbYbqrG4U,https://drive.google.com/file/d/1b0_nPmKnwaeJzERqAP9pFK-qbYbqrG4U/view?usp=drivesdk,📖 LIBROS DE TEXTO,libros/libros mostrar/MATEMÁTICAS/📖 LIBROS DE TEXTO
[3°] Cuaderno de Trabajo de Matemáticas 3° Vamos a Aprender.pdf,1tZjyQEO8-kozmhBTXT4Tjv-iFJNyk93T,https://drive.google.com/file/d/1tZjyQEO8-kozmhBTXT4Tjv-iFJNyk93T/view?usp=drivesdk,📖 LIBROS DE TEXTO,libros/libros mostrar/MATEMÁTICAS/📖 LIBROS DE TEXTO
[8°] Libro del Estudiante de Matemáticas 8° Vamos a Aprender.pdf,1j4js2eqUBNXGJximjXO_pEWZQiuVT4R3,https://drive.google.com/file/d/1j4js2eqUBNXGJximjXO_pEWZQiuVT4R3/view?usp=drivesdk,📖 LIBROS DE TEXTO,libros/libros mostrar/MATEMÁTICAS/📖 LIBROS DE TEXTO
[8°] Secundaria Activa Matemáticas 8°.pdf,1pfe11-hcl-zBZoUse39DPxHmNlQsjG2M,https://drive.google.com/file/d/1pfe11-hcl-zBZoUse39DPxHmNlQsjG2M/view?usp=drivesdk,📖 LIBROS DE TEXTO,libros/libros mostrar/MATEMÁTICAS/📖 LIBROS DE TEXTO
[9°] Libro del Estudiante de Matemáticas 9° Vamos a Aprender.pdf,1KR4eeHSAJKPJ2Uxxp8QUmyN-5AmfRgDt,https://drive.google.com/file/d/1KR4eeHSAJKPJ2Uxxp8QUmyN-5AmfRgDt/view?usp=drivesdk,📖 LIBROS DE TEXTO,libros/libros mostrar/MATEMÁTICAS/📖 LIBROS DE TEXTO
[9°] Secundaria Activa Matemáticas 9°.pdf,1lXSoLlfrGoS0Q1M7X0-MAoQK0hv3fI2E,https://drive.google.com/file/d/1lXSoLlfrGoS0Q1M7X0-MAoQK0hv3fI2E/view?usp=drivesdk,📖 LIBROS DE TEXTO,libros/libros mostrar/MATEMÁTICAS/📖 LIBROS DE TEXTO
[10°] Libro del Estudiante de Matemáticas 10° Vamos a Aprender.pdf,1MgExEgbvNDs6v1dL5Eyxv5hAGgema0yT,https://drive.google.com/file/d/1MgExEgbvNDs6v1dL5Eyxv5hAGgema0yT/view?usp=drivesdk,📖 LIBROS DE TEXTO,libros/libros mostrar/MATEMÁTICAS/📖 LIBROS DE TEXTO
[11°] Libro del Estudiante de Matemáticas 11° Vamos a Aprender.pdf,150uGiXD73zjZWuHaI8eBkASILNCretuV,https://drive.google.com/file/d/150uGiXD73zjZWuHaI8eBkASILNCretuV/view?usp=drivesdk,📖 LIBROS DE TEXTO,libros/libros mostrar/MATEMÁTICAS/📖 LIBROS DE TEXTO
[1°] Matemática Docente 1.pdf,14rG3lQD-t46yjDX4XJ_I8CMT-DJiXD7f,https://drive.google.com/file/d/14rG3lQD-t46yjDX4XJ_I8CMT-DJiXD7f/view?usp=drivesdk,👩‍🏫 GUÍAS DOCENTE,libros/libros mostrar/MATEMÁTICAS/👩‍🏫 GUÍAS DOCENTE
[7°] Grado_7_guía_docentes_MAT_B3IMPRESION-min.pdf,1KuxbDhH4nyo4kqSwW7ZXo9zQpiwdBMmy,https://drive.google.com/file/d/1KuxbDhH4nyo4kqSwW7ZXo9zQpiwdBMmy/view?usp=drivesdk,👩‍🏫 GUÍAS DOCENTE,libros/libros mostrar/MATEMÁTICAS/👩‍🏫 GUÍAS DOCENTE
[7°] Grado_7_guía_docentes_MAT_B4IMPRESION-min.pdf,18QOntpvZW14bFtNJ5do-VYPyNEhtLUx9,https://drive.google.com/file/d/18QOntpvZW14bFtNJ5do-VYPyNEhtLUx9/view?usp=drivesdk,👩‍🏫 GUÍAS DOCENTE,libros/libros mostrar/MATEMÁTICAS/👩‍🏫 GUÍAS DOCENTE
[7°] Grado_7_guía_docentes_MAT_B2IMPRESION-min.pdf,1E2hzWumxVGkzUpXKE5LmkTrMb5xWwP6C,https://drive.google.com/file/d/1E2hzWumxVGkzUpXKE5LmkTrMb5xWwP6C/view?usp=drivesdk,👩‍🏫 GUÍAS DOCENTE,libros/libros mostrar/MATEMÁTICAS/👩‍🏫 GUÍAS DOCENTE
[7°] Grado_7_guía_docentes_MAT_B1IMPRESION-min.pdf,1MS_CIg6SiPYwIsZDVV3ntkAlZrnTW28R,https://drive.google.com/file/d/1MS_CIg6SiPYwIsZDVV3ntkAlZrnTW28R/view?usp=drivesdk,👩‍🏫 GUÍAS DOCENTE,libros/libros mostrar/MATEMÁTICAS/👩‍🏫 GUÍAS DOCENTE
[6°] Grado_6_guía_docentes_MAT_B3IMPRESION-min.pdf,1yaOgdVfUDUv7Ya1a2dsEi9ME5auOdYHx,https://drive.google.com/file/d/1yaOgdVfUDUv7Ya1a2dsEi9ME5auOdYHx/view?usp=drivesdk,👩‍🏫 GUÍAS DOCENTE,libros/libros mostrar/MATEMÁTICAS/👩‍🏫 GUÍAS DOCENTE
[6°] Grado_6_guía_docentes_MAT_B4IMPRESION-min.pdf,1xq0ItG4jYwHgaM9eUmQYakvGqkjXk7HE,https://drive.google.com/file/d/1xq0ItG4jYwHgaM9eUmQYakvGqkjXk7HE/view?usp=drivesdk,👩‍🏫 GUÍAS DOCENTE,libros/libros mostrar/MATEMÁTICAS/👩‍🏫 GUÍAS DOCENTE
[6°] Grado_6_guía_docentes_MAT_B2IMPRESION-min.pdf,11vzerpAFPUAeAra9LhFE91f35xkTy6sP,https://drive.google.com/file/d/11vzerpAFPUAeAra9LhFE91f35xkTy6sP/view?usp=drivesdk,👩‍🏫 GUÍAS DOCENTE,libros/libros mostrar/MATEMÁTICAS/👩‍🏫 GUÍAS DOCENTE
[6°] MAT_6_UNIDAD1_DOC_0.pdf,1joJyPeheL4kZKxGgWYvISAPGP-QUGJCh,https://drive.google.com/file/d/1joJyPeheL4kZKxGgWYvISAPGP-QUGJCh/view?usp=drivesdk,👩‍🏫 GUÍAS DOCENTE,libros/libros mostrar/MATEMÁTICAS/👩‍🏫 GUÍAS DOCENTE
[5°] Copia de Libro PREST Matematicas - Guía del DOCENTE - Grado 5° Modulo B.pdf,1aayPircBub3z0kNfCu7PL0v5PKMlP_0A,https://drive.google.com/file/d/1aayPircBub3z0kNfCu7PL0v5PKMlP_0A/view?usp=drivesdk,👩‍🏫 GUÍAS DOCENTE,libros/libros mostrar/MATEMÁTICAS/👩‍🏫 GUÍAS DOCENTE
[5°] Copia de Libro PREST Matematicas - Guía del DOCENTE - Grado 5° Modulo C.pdf,1Yai-92lbFXwX4Xyc2I1xBYf1PnIIMQp3,https://drive.google.com/file/d/1Yai-92lbFXwX4Xyc2I1xBYf1PnIIMQp3/view?usp=drivesdk,👩‍🏫 GUÍAS DOCENTE,libros/libros mostrar/MATEMÁTICAS/👩‍🏫 GUÍAS DOCENTE
[5°] Copia de Libro PREST Matematicas - Guía del DOCENTE - Grado 5° Modulo A.pdf,1GvwKDp-g2qEIw_dVe_bv-6eYFSKbSq6x,https://drive.google.com/file/d/1GvwKDp-g2qEIw_dVe_bv-6eYFSKbSq6x/view?usp=drivesdk,👩‍🏫 GUÍAS DOCENTE,libros/libros mostrar/MATEMÁTICAS/👩‍🏫 GUÍAS DOCENTE
[4°] Copia de Libro PREST Matematicas - Guía del DOCENTE - Grado 4° Modulo B.pdf,1ZrblPHNBuREPKkyE1eAX66tbprpG6Jrx,https://drive.google.com/file/d/1ZrblPHNBuREPKkyE1eAX66tbprpG6Jrx/view?usp=drivesdk,👩‍🏫 GUÍAS DOCENTE,libros/libros mostrar/MATEMÁTICAS/👩‍🏫 GUÍAS DOCENTE
[4°] Copia de Libro PREST Matematicas - Guía del DOCENTE - Grado 4° Modulo C.pdf,1Jfjyf81Dp5CR5xhsSIfBbNZloSqV98Bp,https://drive.google.com/file/d/1Jfjyf81Dp5CR5xhsSIfBbNZloSqV98Bp/view?usp=drivesdk,👩‍🏫 GUÍAS DOCENTE,libros/libros mostrar/MATEMÁTICAS/👩‍🏫 GUÍAS DOCENTE
[4°] Copia de Libro PREST Matematicas - Guía del DOCENTE - Grado 4° Modulo A.pdf,1Ny0b3LJ73kQxCXx0yaE1-lKoxZxZk7Aq,https://drive.google.com/file/d/1Ny0b3LJ73kQxCXx0yaE1-lKoxZxZk7Aq/view?usp=drivesdk,👩‍🏫 GUÍAS DOCENTE,libros/libros mostrar/MATEMÁTICAS/👩‍🏫 GUÍAS DOCENTE
[4°] Matematicas_Docente_4.pdf,1h1lVPRwCx3at9f1NB_s2L6maaDKH8dXe,https://drive.google.com/file/d/1h1lVPRwCx3at9f1NB_s2L6maaDKH8dXe/view?usp=drivesdk,👩‍🏫 GUÍAS DOCENTE,libros/libros mostrar/MATEMÁTICAS/👩‍🏫 GUÍAS DOCENTE
[3°] Copia de Libro PREST Matematicas - Guía del DOCENTE - Grado 3° Modulo B.pdf,1UidlnIqgD3nsuhmuLbN0OfGEho4qjoF9,https://drive.google.com/file/d/1UidlnIqgD3nsuhmuLbN0OfGEho4qjoF9/view?usp=drivesdk,👩‍🏫 GUÍAS DOCENTE,libros/libros mostrar/MATEMÁTICAS/👩‍🏫 GUÍAS DOCENTE
[3°] Copia de Libro PREST Matematicas - Guía del DOCENTE - Grado 3° Modulo C.pdf,1RzBNXas7nuIbm8zYKv6r7xAhGu2GN9YF,https://drive.google.com/file/d/1RzBNXas7nuIbm8zYKv6r7xAhGu2GN9YF/view?usp=drivesdk,👩‍🏫 GUÍAS DOCENTE,libros/libros mostrar/MATEMÁTICAS/👩‍🏫 GUÍAS DOCENTE
[3°] Copia de Libro PREST Matematicas - Guía del DOCENTE - Grado 3° Modulo A.pdf,104qvfOnlDJM0S9H906IslbjOrTD8kSx3,https://drive.google.com/file/d/104qvfOnlDJM0S9H906IslbjOrTD8kSx3/view?usp=drivesdk,👩‍🏫 GUÍAS DOCENTE,libros/libros mostrar/MATEMÁTICAS/👩‍🏫 GUÍAS DOCENTE
[3°] Matematicas_Docente_3.pdf,1oh9YE2VkjHTQxmUircGBr_j_qAzkcVVg,https://drive.google.com/file/d/1oh9YE2VkjHTQxmUircGBr_j_qAzkcVVg/view?usp=drivesdk,👩‍🏫 GUÍAS DOCENTE,libros/libros mostrar/MATEMÁTICAS/👩‍🏫 GUÍAS DOCENTE
[8°] MAT_8_VOL_1_DOC_COMPLETO.pdf,1xw_7HN7xMcQUpJMEXKKN149PKOu8L1pR,https://drive.google.com/file/d/1xw_7HN7xMcQUpJMEXKKN149PKOu8L1pR/view?usp=drivesdk,👩‍🏫 GUÍAS DOCENTE,libros/libros mostrar/MATEMÁTICAS/👩‍🏫 GUÍAS DOCENTE
[8°] MAT_8_VOL_2_DOC_COMPLETO.pdf,1i7fWcZ4voVKieh52M16I42tCj5hlOHoN,https://drive.google.com/file/d/1i7fWcZ4voVKieh52M16I42tCj5hlOHoN/view?usp=drivesdk,👩‍🏫 GUÍAS DOCENTE,libros/libros mostrar/MATEMÁTICAS/👩‍🏫 GUÍAS DOCENTE
[1°] Matematicas_estudiante_1.pdf,1oPNRl1K9M08Fr5paOZeLyFBbRKob9teO,https://drive.google.com/file/d/1oPNRl1K9M08Fr5paOZeLyFBbRKob9teO/view?usp=drivesdk,🎒 GUÍAS ESTUDIANTE,libros/libros mostrar/MATEMÁTICAS/🎒 GUÍAS ESTUDIANTE
[7°] Grado_7_guía_estudiantes_MAT_B3IMPRESION-min.pdf,10tcIZUURuKmiknsb7gCIBV4Kq3r1Mmzk,https://drive.google.com/file/d/10tcIZUURuKmiknsb7gCIBV4Kq3r1Mmzk/view?usp=drivesdk,🎒 GUÍAS ESTUDIANTE,libros/libros mostrar/MATEMÁTICAS/🎒 GUÍAS ESTUDIANTE
[7°] Grado_7_guía_estudiantes_MAT_B2IMPRESION-min.pdf,1yGV6o3nk9_o3IopWftHZ0rv34XOQilI9,https://drive.google.com/file/d/1yGV6o3nk9_o3IopWftHZ0rv34XOQilI9/view?usp=drivesdk,🎒 GUÍAS ESTUDIANTE,libros/libros mostrar/MATEMÁTICAS/🎒 GUÍAS ESTUDIANTE
[7°] Grado_7_guía_estudiantes_MAT_B1IMPRESION-min.pdf,1KorAw3rt5FZ5y0abreCgoq0W6pN2W0Ej,https://drive.google.com/file/d/1KorAw3rt5FZ5y0abreCgoq0W6pN2W0Ej/view?usp=drivesdk,🎒 GUÍAS ESTUDIANTE,libros/libros mostrar/MATEMÁTICAS/🎒 GUÍAS ESTUDIANTE
[6°] G6_MAT_U4_EST_WEB.pdf,1mOV9OvLq4_daJrEXHfL3rj4Cs_J7C47X,https://drive.google.com/file/d/1mOV9OvLq4_daJrEXHfL3rj4Cs_J7C47X/view?usp=drivesdk,🎒 GUÍAS ESTUDIANTE,libros/libros mostrar/MATEMÁTICAS/🎒 GUÍAS ESTUDIANTE
[6°] Grado_6_guía_estudiantes_MAT_B2IMPRESION-min.pdf,12cJ6Udl-o1z-idr7wvCV8HCPCYN0hPHW,https://drive.google.com/file/d/12cJ6Udl-o1z-idr7wvCV8HCPCYN0hPHW/view?usp=drivesdk,🎒 GUÍAS ESTUDIANTE,libros/libros mostrar/MATEMÁTICAS/🎒 GUÍAS ESTUDIANTE
[6°] MAT_6_UNIDAD1_EST_0.pdf,1XC-_Hg1AoM8dyE-FYDmle5xGlU28C4tA,https://drive.google.com/file/d/1XC-_Hg1AoM8dyE-FYDmle5xGlU28C4tA/view?usp=drivesdk,🎒 GUÍAS ESTUDIANTE,libros/libros mostrar/MATEMÁTICAS/🎒 GUÍAS ESTUDIANTE
[4°] Matematicas_estudiante_4.pdf,1WuMQxSZqE34HkYFmRcFmBV_vKhEp7kCu,https://drive.google.com/file/d/1WuMQxSZqE34HkYFmRcFmBV_vKhEp7kCu/view?usp=drivesdk,🎒 GUÍAS ESTUDIANTE,libros/libros mostrar/MATEMÁTICAS/🎒 GUÍAS ESTUDIANTE
[3°] Matematicas_estudiante_3.pdf,1DaBBpvDCEtl55c5rP3lBM_NI4b0M-tTQ,https://drive.google.com/file/d/1DaBBpvDCEtl55c5rP3lBM_NI4b0M-tTQ/view?usp=drivesdk,🎒 GUÍAS ESTUDIANTE,libros/libros mostrar/MATEMÁTICAS/🎒 GUÍAS ESTUDIANTE
[2°] Matematicas_estudiante_2.pdf,1ZgwMhCdj-Eu9Wu4O1JUvzRLy_BCgKpg5,https://drive.google.com/file/d/1ZgwMhCdj-Eu9Wu4O1JUvzRLy_BCgKpg5/view?usp=drivesdk,🎒 GUÍAS ESTUDIANTE,libros/libros mostrar/MATEMÁTICAS/🎒 GUÍAS ESTUDIANTE
[8°] MAT_8_VOL1_EST_WEB_COMPLETO.pdf,1JMgVeZut9D6woTKA8iJzGTsUJ4mLTS1c,https://drive.google.com/file/d/1JMgVeZut9D6woTKA8iJzGTsUJ4mLTS1c/view?usp=drivesdk,🎒 GUÍAS ESTUDIANTE,libros/libros mostrar/MATEMÁTICAS/🎒 GUÍAS ESTUDIANTE
[8°] MAT_8_VOL2_EST_WEB_COMPLETO.pdf,1tiz40yEHYNmwdPQdl0ZOhLaMik1FENnO,https://drive.google.com/file/d/1tiz40yEHYNmwdPQdl0ZOhLaMik1FENnO/view?usp=drivesdk,🎒 GUÍAS ESTUDIANTE,libros/libros mostrar/MATEMÁTICAS/🎒 GUÍAS ESTUDIANTE
[9°] MAT_9_B2_EST_WEB_COMPLETO.pdf,1z9mh3i2lakZNJbSvuO_aHdjFt0qVMDcU,https://drive.google.com/file/d/1z9mh3i2lakZNJbSvuO_aHdjFt0qVMDcU/view?usp=drivesdk,🎒 GUÍAS ESTUDIANTE,libros/libros mostrar/MATEMÁTICAS/🎒 GUÍAS ESTUDIANTE
[9°] MAT_9_B3_EST_WEB_COMPLETO.pdf,1DlWQD969hN5PMQgK34HevMBJ9TLKPx6F,https://drive.google.com/file/d/1DlWQD969hN5PMQgK34HevMBJ9TLKPx6F/view?usp=drivesdk,🎒 GUÍAS ESTUDIANTE,libros/libros mostrar/MATEMÁTICAS/🎒 GUÍAS ESTUDIANTE
[9°] MAT_9_B4_EST_WEB_COMPLETO.pdf,1GBp839ZosJ1SbypBmQlvghPN6QZSZ7qF,https://drive.google.com/file/d/1GBp839ZosJ1SbypBmQlvghPN6QZSZ7qF/view?usp=drivesdk,🎒 GUÍAS ESTUDIANTE,libros/libros mostrar/MATEMÁTICAS/🎒 GUÍAS ESTUDIANTE
[9°] MAT_9_B1_EST_WEB_COMPLETO.pdf,1UZrFQfquzqQdvDK4xkej5L5a6-ma7xHJ,https://drive.google.com/file/d/1UZrFQfquzqQdvDK4xkej5L5a6-ma7xHJ/view?usp=drivesdk,🎒 GUÍAS ESTUDIANTE,libros/libros mostrar/MATEMÁTICAS/🎒 GUÍAS ESTUDIANTE
[1°] Matematicas-1o-Guias-de-aprendizaje.pdf,19FTvTV5WxfeFHLf9tikC6E2aieCCuSCu,https://drive.google.com/file/d/19FTvTV5WxfeFHLf9tikC6E2aieCCuSCu/view?usp=drivesdk,📋 GUÍAS DE APRENDIZAJE,libros/libros mostrar/MATEMÁTICAS/📋 GUÍAS DE APRENDIZAJE
[5°] Matematicas-5o-Guias-de-aprendizaje.pdf,1tpZ0ZuCdIgGDvr9aHOSXye4FI9GPQyU1,https://drive.google.com/file/d/1tpZ0ZuCdIgGDvr9aHOSXye4FI9GPQyU1/view?usp=drivesdk,📋 GUÍAS DE APRENDIZAJE,libros/libros mostrar/MATEMÁTICAS/📋 GUÍAS DE APRENDIZAJE
[4°] Matematicas-4o-Guias-de-aprendizaje.pdf,15qVDZbXosJsztgjdHvL3M7L2Z11yBYRs,https://drive.google.com/file/d/15qVDZbXosJsztgjdHvL3M7L2Z11yBYRs/view?usp=drivesdk,📋 GUÍAS DE APRENDIZAJE,libros/libros mostrar/MATEMÁTICAS/📋 GUÍAS DE APRENDIZAJE
[3°] Matematicas-3o-Guias-de-aprendizaje.pdf,1OxPOS9KQjinbDqXHIUvkflmyEMJYpglW,https://drive.google.com/file/d/1OxPOS9KQjinbDqXHIUvkflmyEMJYpglW/view?usp=drivesdk,📋 GUÍAS DE APRENDIZAJE,libros/libros mostrar/MATEMÁTICAS/📋 GUÍAS DE APRENDIZAJE
[2°] Matematicas-2o-Guias-de-aprendizaje.pdf,1O-auFLvHiWWmX2frlnEg3UA3yUbPLii8,https://drive.google.com/file/d/1O-auFLvHiWWmX2frlnEg3UA3yUbPLii8/view?usp=drivesdk,📋 GUÍAS DE APRENDIZAJE,libros/libros mostrar/MATEMÁTICAS/📋 GUÍAS DE APRENDIZAJE
[1°] Matematicas_Cuaderno_de actividades_1.pdf,1afDGOx0CzOAndcL-bvKwYgsbzDdaVoyN,https://drive.google.com/file/d/1afDGOx0CzOAndcL-bvKwYgsbzDdaVoyN/view?usp=drivesdk,📂 MATERIAL DE APOYO,libros/libros mostrar/MATEMÁTICAS/📂 MATERIAL DE APOYO
[1°] Matematicas-1o-Cuaderno-de-trabajo.pdf,12JJo-apWs8hXNgSL75JWduvu5evvCeI_,https://drive.google.com/file/d/12JJo-apWs8hXNgSL75JWduvu5evvCeI_/view?usp=drivesdk,📂 MATERIAL DE APOYO,libros/libros mostrar/MATEMÁTICAS/📂 MATERIAL DE APOYO
[5°] articles-340089_ARCHIVO_PDF_MATEM_GRADO5_03.pdf,1xupK10UPrzYtkLH1lUtyJ6eqTsA5bKL1,https://drive.google.com/file/d/1xupK10UPrzYtkLH1lUtyJ6eqTsA5bKL1/view?usp=drivesdk,📂 MATERIAL DE APOYO,libros/libros mostrar/MATEMÁTICAS/📂 MATERIAL DE APOYO
[5°] articles-340089_ARCHIVO_PDF_MATEM_GRADO5_02.pdf,1RVBKc0VSv-3FlSW_G39dih9U-Pc8BhBm,https://drive.google.com/file/d/1RVBKc0VSv-3FlSW_G39dih9U-Pc8BhBm/view?usp=drivesdk,📂 MATERIAL DE APOYO,libros/libros mostrar/MATEMÁTICAS/📂 MATERIAL DE APOYO
[3°] Copia de Libro_Matematicas 3° Singapur.pdf,1QySLn6veEL_LR0GxqR4OnyfoH9qAUORE,https://drive.google.com/file/d/1QySLn6veEL_LR0GxqR4OnyfoH9qAUORE/view?usp=drivesdk,📂 MATERIAL DE APOYO,libros/libros mostrar/MATEMÁTICAS/📂 MATERIAL DE APOYO
[3°] Copia de Guía_Matematicas 3° Singapur.pdf,1pAw2AKbduesBQCtTxkLO_lSh7oCFtRMP,https://drive.google.com/file/d/1pAw2AKbduesBQCtTxkLO_lSh7oCFtRMP/view?usp=drivesdk,📂 MATERIAL DE APOYO,libros/libros mostrar/MATEMÁTICAS/📂 MATERIAL DE APOYO
[3°] Copia de Cuaderno_Matematicas 3° Singapur.pdf,1ykVCvMhi05IvW8Q6n3BY7gyVRTCCkoLh,https://drive.google.com/file/d/1ykVCvMhi05IvW8Q6n3BY7gyVRTCCkoLh/view?usp=drivesdk,📂 MATERIAL DE APOYO,libros/libros mostrar/MATEMÁTICAS/📂 MATERIAL DE APOYO
[6°] LEN_6_UNIDAD1_EST.pdf,1bNlWWKIa5twPEcAa8f0hXD7BspKaZ5Y3,https://drive.google.com/file/d/1bNlWWKIa5twPEcAa8f0hXD7BspKaZ5Y3/view?usp=drivesdk,📚 CARTILLAS,libros/libros mostrar/LENGUAJE/📚 CARTILLAS
[7°] Grado_7_ guía_estudiantes_LEN_B1IMPRESION-min.pdf,1SPAoW2Uc6lyR-V6xsgW-0LVWtQC4l5im,https://drive.google.com/file/d/1SPAoW2Uc6lyR-V6xsgW-0LVWtQC4l5im/view?usp=drivesdk,🎒 GUÍAS ESTUDIANTE,libros/libros mostrar/LENGUAJE/🎒 GUÍAS ESTUDIANTE
[7°] Grado_7_ guía_estudiantes_LEN_B2IMPRESION-min.pdf,1NUznr1mTgv4Za6P4kPtzo92sZTbLps6_,https://drive.google.com/file/d/1NUznr1mTgv4Za6P4kPtzo92sZTbLps6_/view?usp=drivesdk,🎒 GUÍAS ESTUDIANTE,libros/libros mostrar/LENGUAJE/🎒 GUÍAS ESTUDIANTE
[7°] Grado_7_ guía_estudiantes_LEN_B3IMPRESION-min.pdf,1oVsr-bepwxBdaCZm--8mD2N7688PK6VU,https://drive.google.com/file/d/1oVsr-bepwxBdaCZm--8mD2N7688PK6VU/view?usp=drivesdk,🎒 GUÍAS ESTUDIANTE,libros/libros mostrar/LENGUAJE/🎒 GUÍAS ESTUDIANTE
[7°] Grado_7_ guía_estudiantes_LEN_B4IMPRESION-min.pdf,12O1BKhLcoZNPZdFP4triTzkkaoJ60Sxj,https://drive.google.com/file/d/12O1BKhLcoZNPZdFP4triTzkkaoJ60Sxj/view?usp=drivesdk,🎒 GUÍAS ESTUDIANTE,libros/libros mostrar/LENGUAJE/🎒 GUÍAS ESTUDIANTE
[6°] Grado_6_guía_estudiantes_LEN_B4IMPRESION-min.pdf,1tvFFE88wsv9z00O0FcEqZE-Ql7j2fQoW,https://drive.google.com/file/d/1tvFFE88wsv9z00O0FcEqZE-Ql7j2fQoW/view?usp=drivesdk,🎒 GUÍAS ESTUDIANTE,libros/libros mostrar/LENGUAJE/🎒 GUÍAS ESTUDIANTE
[6°] Grado_6_guía_estudiantes_LEN_B2IMPRESION-min.pdf,1MKC2P5RsP8i1Z1l3vINrKmRAte044bDq,https://drive.google.com/file/d/1MKC2P5RsP8i1Z1l3vINrKmRAte044bDq/view?usp=drivesdk,🎒 GUÍAS ESTUDIANTE,libros/libros mostrar/LENGUAJE/🎒 GUÍAS ESTUDIANTE
[6°] Grado_6_guía_estudiantes_LEN_B3IMPRESION-min.pdf,1JCaFfE9HbaLTH6rxYmQq6aD9vkzQG0pQ,https://drive.google.com/file/d/1JCaFfE9HbaLTH6rxYmQq6aD9vkzQG0pQ/view?usp=drivesdk,🎒 GUÍAS ESTUDIANTE,libros/libros mostrar/LENGUAJE/🎒 GUÍAS ESTUDIANTE
[4°] Lenguaje_estudiante_4.pdf,17FcEvNgYj9bKoO6BLCAtEqV6YR3MNZsq,https://drive.google.com/file/d/17FcEvNgYj9bKoO6BLCAtEqV6YR3MNZsq/view?usp=drivesdk,🎒 GUÍAS ESTUDIANTE,libros/libros mostrar/LENGUAJE/🎒 GUÍAS ESTUDIANTE
[3°] Lenguaje_estudiante_3.pdf,1S0vYpoOq_X1rXA-tWC_CFWoPDW-ZPqli,https://drive.google.com/file/d/1S0vYpoOq_X1rXA-tWC_CFWoPDW-ZPqli/view?usp=drivesdk,🎒 GUÍAS ESTUDIANTE,libros/libros mostrar/LENGUAJE/🎒 GUÍAS ESTUDIANTE
[2°] Lenguaje_estudiante_2.pdf,1Pho9rKV9VH3j07IIQjp9Z6vhGq2hGKNz,https://drive.google.com/file/d/1Pho9rKV9VH3j07IIQjp9Z6vhGq2hGKNz/view?usp=drivesdk,🎒 GUÍAS ESTUDIANTE,libros/libros mostrar/LENGUAJE/🎒 GUÍAS ESTUDIANTE
[8°] LEN_8_VOL2_EST_WEB_COMPLETO.pdf,1c5DGxR66V4ka7TJ-YwSgcIkEn1srLh00,https://drive.google.com/file/d/1c5DGxR66V4ka7TJ-YwSgcIkEn1srLh00/view?usp=drivesdk,🎒 GUÍAS ESTUDIANTE,libros/libros mostrar/LENGUAJE/🎒 GUÍAS ESTUDIANTE
[8°] LEN_8_VOL1_EST_WEB_COMPLETO.pdf,134Yw7s9hdXMDMFtd_0ibzoqcB7bft_dX,https://drive.google.com/file/d/134Yw7s9hdXMDMFtd_0ibzoqcB7bft_dX/view?usp=drivesdk,🎒 GUÍAS ESTUDIANTE,libros/libros mostrar/LENGUAJE/🎒 GUÍAS ESTUDIANTE
[9°] LEN_9_B4_EST_WEB_COMPLETO.pdf,1cA7Jhf2XQK9bcNCV1QuqUp6da5899f4S,https://drive.google.com/file/d/1cA7Jhf2XQK9bcNCV1QuqUp6da5899f4S/view?usp=drivesdk,🎒 GUÍAS ESTUDIANTE,libros/libros mostrar/LENGUAJE/🎒 GUÍAS ESTUDIANTE
[9°] LEN_9_B2_EST_WEB_COMPLETO.pdf,1TOX9X2-haPPcoGIZJ_nIKdeyqq0VVRuL,https://drive.google.com/file/d/1TOX9X2-haPPcoGIZJ_nIKdeyqq0VVRuL/view?usp=drivesdk,🎒 GUÍAS ESTUDIANTE,libros/libros mostrar/LENGUAJE/🎒 GUÍAS ESTUDIANTE
[9°] LEN_9_B3_EST_WEB_COMPLETO.pdf,1mV97kCs-yjQtqKQFPJc5KzG-OEDAOn3h,https://drive.google.com/file/d/1mV97kCs-yjQtqKQFPJc5KzG-OEDAOn3h/view?usp=drivesdk,🎒 GUÍAS ESTUDIANTE,libros/libros mostrar/LENGUAJE/🎒 GUÍAS ESTUDIANTE
[9°] LEN_9_B1_EST_WEB_COMPLETO.pdf,1WkLNb4CegNk2-U5C5TrMzR8r4axbin_I,https://drive.google.com/file/d/1WkLNb4CegNk2-U5C5TrMzR8r4axbin_I/view?usp=drivesdk,🎒 GUÍAS ESTUDIANTE,libros/libros mostrar/LENGUAJE/🎒 GUÍAS ESTUDIANTE
[7°] Grado_7_guía_docentes_LEN_B1IMPRESION-min 1.pdf,10VFeQRPtkxShtJsHyDFQXtlHCNtJzQ15,https://drive.google.com/file/d/10VFeQRPtkxShtJsHyDFQXtlHCNtJzQ15/view?usp=drivesdk,👩‍🏫 GUÍAS DOCENTE,libros/libros mostrar/LENGUAJE/👩‍🏫 GUÍAS DOCENTE
[7°] Grado_7_guía_docentes_LEN_B2IMPRESION-min 1.pdf,1CvpbJH6YbQjFuLAn596aJwlAgbgEiPF2,https://drive.google.com/file/d/1CvpbJH6YbQjFuLAn596aJwlAgbgEiPF2/view?usp=drivesdk,👩‍🏫 GUÍAS DOCENTE,libros/libros mostrar/LENGUAJE/👩‍🏫 GUÍAS DOCENTE
[7°] Grado_7_guía_docentes_LEN_B3IMPRESION-min 1.pdf,1QhM1gyoVy_-8D2VGdTcPRiWV0aSrJq5U,https://drive.google.com/file/d/1QhM1gyoVy_-8D2VGdTcPRiWV0aSrJq5U/view?usp=drivesdk,👩‍🏫 GUÍAS DOCENTE,libros/libros mostrar/LENGUAJE/👩‍🏫 GUÍAS DOCENTE
[7°] Grado_7_guía_docentes_LEN_B4IMPRESION-min 1.pdf,1ErKawa_gDYqqRkcqsfQD5UNujMeXycnb,https://drive.google.com/file/d/1ErKawa_gDYqqRkcqsfQD5UNujMeXycnb/view?usp=drivesdk,👩‍🏫 GUÍAS DOCENTE,libros/libros mostrar/LENGUAJE/👩‍🏫 GUÍAS DOCENTE
[6°] Grado_6_guía_docentes_LEN_B4IMPRESION-min.pdf,1vYauZ6v8KQiYOFp4I21vGO1DNjInFwu8,https://drive.google.com/file/d/1vYauZ6v8KQiYOFp4I21vGO1DNjInFwu8/view?usp=drivesdk,👩‍🏫 GUÍAS DOCENTE,libros/libros mostrar/LENGUAJE/👩‍🏫 GUÍAS DOCENTE
[6°] Grado_6_guía_docentes_LEN_B3IMPRESION-min.pdf,1ru0DSV7EMdkvxqFZ_t3fsFMtKBPRg68h,https://drive.google.com/file/d/1ru0DSV7EMdkvxqFZ_t3fsFMtKBPRg68h/view?usp=drivesdk,👩‍🏫 GUÍAS DOCENTE,libros/libros mostrar/LENGUAJE/👩‍🏫 GUÍAS DOCENTE
[4°] Lenguaje_Docente_4.pdf,15jT9GZEjN65wJmiudKsMW1LX5bepnilU,https://drive.google.com/file/d/15jT9GZEjN65wJmiudKsMW1LX5bepnilU/view?usp=drivesdk,👩‍🏫 GUÍAS DOCENTE,libros/libros mostrar/LENGUAJE/👩‍🏫 GUÍAS DOCENTE
[3°] Lenguaje_Docente_3.pdf,1PcUZpncfrdc-Ohbe4R3k6Tu4mLDxQfTr,https://drive.google.com/file/d/1PcUZpncfrdc-Ohbe4R3k6Tu4mLDxQfTr/view?usp=drivesdk,👩‍🏫 GUÍAS DOCENTE,libros/libros mostrar/LENGUAJE/👩‍🏫 GUÍAS DOCENTE
[2°] Lenguaje_Docente_2.pdf,1K6XvPkTldHumIqztrJ5KANij8BUEn0ME,https://drive.google.com/file/d/1K6XvPkTldHumIqztrJ5KANij8BUEn0ME/view?usp=drivesdk,👩‍🏫 GUÍAS DOCENTE,libros/libros mostrar/LENGUAJE/👩‍🏫 GUÍAS DOCENTE
[8°] LEN_8_VOL_2_DOC_COMPLETO.pdf,19H-c-rbgzhviCeyKxEiBCEDeruZ0bU84,https://drive.google.com/file/d/19H-c-rbgzhviCeyKxEiBCEDeruZ0bU84/view?usp=drivesdk,👩‍🏫 GUÍAS DOCENTE,libros/libros mostrar/LENGUAJE/👩‍🏫 GUÍAS DOCENTE
[8°] LEN_8_VOL_1_DOC_COMPLETO.pdf,1Evj4Qk5jJFc-CKZNdizNGTIMLFN2rxld,https://drive.google.com/file/d/1Evj4Qk5jJFc-CKZNdizNGTIMLFN2rxld/view?usp=drivesdk,👩‍🏫 GUÍAS DOCENTE,libros/libros mostrar/LENGUAJE/👩‍🏫 GUÍAS DOCENTE
[7°] LG_Grado7.pdf,1O-RNywXfvHQf6ARHS-3U1rCO0rZCf-gA,https://drive.google.com/file/d/1O-RNywXfvHQf6ARHS-3U1rCO0rZCf-gA/view?usp=drivesdk,📖 LIBROS DE TEXTO,libros/libros mostrar/LENGUAJE/📖 LIBROS DE TEXTO
[7°] Secundaria Activa Lenguaje 7°.pdf,1fLYOtIYYVwNOhZfmpKeTZOcy4tOPtkDr,https://drive.google.com/file/d/1fLYOtIYYVwNOhZfmpKeTZOcy4tOPtkDr/view?usp=drivesdk,📖 LIBROS DE TEXTO,libros/libros mostrar/LENGUAJE/📖 LIBROS DE TEXTO
[7°] Libro del Estudiante de LENGUAJE 7° VAMOS A APRENDER.pdf,19jCzn1HaSGFDU8YQtJtXH6XPzG-Y5yVC,https://drive.google.com/file/d/19jCzn1HaSGFDU8YQtJtXH6XPzG-Y5yVC/view?usp=drivesdk,📖 LIBROS DE TEXTO,libros/libros mostrar/LENGUAJE/📖 LIBROS DE TEXTO
[6°] LG_Grado6.pdf,1s2NsDYz6DV-Gm_9fkf5VtZNzRMqm8GxT,https://drive.google.com/file/d/1s2NsDYz6DV-Gm_9fkf5VtZNzRMqm8GxT/view?usp=drivesdk,📖 LIBROS DE TEXTO,libros/libros mostrar/LENGUAJE/📖 LIBROS DE TEXTO
[6°] Libro del Estudiante de LENGUAJE 6° VAMOS A APRENDER.pdf,1_26ncnwiNvv3NJFVrQBGwc9HkoMZIP64,https://drive.google.com/file/d/1_26ncnwiNvv3NJFVrQBGwc9HkoMZIP64/view?usp=drivesdk,📖 LIBROS DE TEXTO,libros/libros mostrar/LENGUAJE/📖 LIBROS DE TEXTO
[6°] Secundaria Activa Lenguaje 6°.pdf,1vPQx6fgcF4K7pSAXtaY075jt1aSjNASF,https://drive.google.com/file/d/1vPQx6fgcF4K7pSAXtaY075jt1aSjNASF/view?usp=drivesdk,📖 LIBROS DE TEXTO,libros/libros mostrar/LENGUAJE/📖 LIBROS DE TEXTO
[5°] LG_Grado05_02.pdf,1GsD3gFcF5SGKOf3SrbHBE0auBvR7IRwi,https://drive.google.com/file/d/1GsD3gFcF5SGKOf3SrbHBE0auBvR7IRwi/view?usp=drivesdk,📖 LIBROS DE TEXTO,libros/libros mostrar/LENGUAJE/📖 LIBROS DE TEXTO
[5°] LG_Grado05_01.pdf,1wwQZ8AA_5fSxqvVIGPaIh4SQVg2z-dGs,https://drive.google.com/file/d/1wwQZ8AA_5fSxqvVIGPaIh4SQVg2z-dGs/view?usp=drivesdk,📖 LIBROS DE TEXTO,libros/libros mostrar/LENGUAJE/📖 LIBROS DE TEXTO
[5°] LG_Grado05_03.pdf,122y1SxuL8vemPWJ2vS4i2-Vh13cRyjH8,https://drive.google.com/file/d/122y1SxuL8vemPWJ2vS4i2-Vh13cRyjH8/view?usp=drivesdk,📖 LIBROS DE TEXTO,libros/libros mostrar/LENGUAJE/📖 LIBROS DE TEXTO
[5°] Copia de Libro EntreTextos 5° - Guía del DOCENTE - SEM_B (Lenguaje).pdf,1C_CDoaQ4Vj2vCCsR1iYWcMCdvnELG5UQ,https://drive.google.com/file/d/1C_CDoaQ4Vj2vCCsR1iYWcMCdvnELG5UQ/view?usp=drivesdk,📖 LIBROS DE TEXTO,libros/libros mostrar/LENGUAJE/📖 LIBROS DE TEXTO
[5°] Copia de Libro EntreTextos 5° - Guía del DOCENTE - SEM_A (Lenguaje).pdf,1-Dy9OdxlDvLoj9fk6KAwWjgQlQFaLyG7,https://drive.google.com/file/d/1-Dy9OdxlDvLoj9fk6KAwWjgQlQFaLyG7/view?usp=drivesdk,📖 LIBROS DE TEXTO,libros/libros mostrar/LENGUAJE/📖 LIBROS DE TEXTO
[5°] Copia de Libro EntreTextos 5° - Cuaderno de Trabajo ESTUDIANTE - SEM_B (Lenguaje).pdf,164I-kt1rAkmLK4jcvIdjr_zS2jfdoLV1,https://drive.google.com/file/d/164I-kt1rAkmLK4jcvIdjr_zS2jfdoLV1/view?usp=drivesdk,📖 LIBROS DE TEXTO,libros/libros mostrar/LENGUAJE/📖 LIBROS DE TEXTO
[5°] Copia de Libro EntreTextos 5° - Cuaderno de Trabajo ESTUDIANTE - SEM_A (Lenguaje).pdf,1IJFKPbwqNwtCxzbrU1nUHfe0gt-dvTT-,https://drive.google.com/file/d/1IJFKPbwqNwtCxzbrU1nUHfe0gt-dvTT-/view?usp=drivesdk,📖 LIBROS DE TEXTO,libros/libros mostrar/LENGUAJE/📖 LIBROS DE TEXTO
[4°] LG_Grado04_01.pdf,1hzUlwUj3czATi_K3bIndZGmuu4oOD-yK,https://drive.google.com/file/d/1hzUlwUj3czATi_K3bIndZGmuu4oOD-yK/view?usp=drivesdk,📖 LIBROS DE TEXTO,libros/libros mostrar/LENGUAJE/📖 LIBROS DE TEXTO
[4°] LG_Grado04_03.pdf,1-5wCCtf7jPHCgDmi5xoarkccBaX8rY5W,https://drive.google.com/file/d/1-5wCCtf7jPHCgDmi5xoarkccBaX8rY5W/view?usp=drivesdk,📖 LIBROS DE TEXTO,libros/libros mostrar/LENGUAJE/📖 LIBROS DE TEXTO
[4°] LG_Grado04_02.pdf,1TLj8tDG-cBbnk5XbuzsBKqefKtJggREd,https://drive.google.com/file/d/1TLj8tDG-cBbnk5XbuzsBKqefKtJggREd/view?usp=drivesdk,📖 LIBROS DE TEXTO,libros/libros mostrar/LENGUAJE/📖 LIBROS DE TEXTO
[4°] Libro del Estudiante de LENGUAJE 4° VAMOS A APRENDER.pdf,10IB5JTGABiSJljhApargrtSRxUM3iQ5T,https://drive.google.com/file/d/10IB5JTGABiSJljhApargrtSRxUM3iQ5T/view?usp=drivesdk,📖 LIBROS DE TEXTO,libros/libros mostrar/LENGUAJE/📖 LIBROS DE TEXTO
[4°] Cuaderno de Trabajo de LENGUAJE 4º VAMOS A APRENDER.pdf,1NuZrXMUHRTMxbOhsYuv99pFJct1r5w1d,https://drive.google.com/file/d/1NuZrXMUHRTMxbOhsYuv99pFJct1r5w1d/view?usp=drivesdk,📖 LIBROS DE TEXTO,libros/libros mostrar/LENGUAJE/📖 LIBROS DE TEXTO
[4°] Copia de Libro EntreTextos 4° - Cuaderno de Trabajo ESTUDIANTE - SEM_B (Lenguaje).pdf,1sY7YfdC0kN0153QKDntJWlYegFpcaqr9,https://drive.google.com/file/d/1sY7YfdC0kN0153QKDntJWlYegFpcaqr9/view?usp=drivesdk,📖 LIBROS DE TEXTO,libros/libros mostrar/LENGUAJE/📖 LIBROS DE TEXTO
[4°] Copia de Libro EntreTextos 4° - Cuaderno de Trabajo ESTUDIANTE - SEM_A (Lenguaje).pdf,1-ArAbencZqiR6IlzFLTkU2v9vQrmnYN6,https://drive.google.com/file/d/1-ArAbencZqiR6IlzFLTkU2v9vQrmnYN6/view?usp=drivesdk,📖 LIBROS DE TEXTO,libros/libros mostrar/LENGUAJE/📖 LIBROS DE TEXTO
[4°] Copia de Libro EntreTextos 4° - Guía del DOCENTE - SEM_B (Lenguaje).pdf,1gmrxuiOJUwgsfvhjU4Nul5oetRGNbi6v,https://drive.google.com/file/d/1gmrxuiOJUwgsfvhjU4Nul5oetRGNbi6v/view?usp=drivesdk,📖 LIBROS DE TEXTO,libros/libros mostrar/LENGUAJE/📖 LIBROS DE TEXTO
[4°] Copia de Libro EntreTextos 4° - Guía del DOCENTE - SEM_A (Lenguaje).pdf,1rZpqHPCm3_BwHbwLzoYhcUHlRelvlv8S,https://drive.google.com/file/d/1rZpqHPCm3_BwHbwLzoYhcUHlRelvlv8S/view?usp=drivesdk,📖 LIBROS DE TEXTO,libros/libros mostrar/LENGUAJE/📖 LIBROS DE TEXTO
[3°] LG_Grado03_01.pdf,1DB-keiLj2fgpBNhzD0RJDjXDclWw70yZ,https://drive.google.com/file/d/1DB-keiLj2fgpBNhzD0RJDjXDclWw70yZ/view?usp=drivesdk,📖 LIBROS DE TEXTO,libros/libros mostrar/LENGUAJE/📖 LIBROS DE TEXTO
[3°] LG_Grado03_02.pdf,1CmtFMp1qUWAvLu8ctddicx551z8zHax3,https://drive.google.com/file/d/1CmtFMp1qUWAvLu8ctddicx551z8zHax3/view?usp=drivesdk,📖 LIBROS DE TEXTO,libros/libros mostrar/LENGUAJE/📖 LIBROS DE TEXTO
[3°] LG_Grado03_03.pdf,1BizzCQ3DORQreXzCJKlM5DAamAHnvgV6,https://drive.google.com/file/d/1BizzCQ3DORQreXzCJKlM5DAamAHnvgV6/view?usp=drivesdk,📖 LIBROS DE TEXTO,libros/libros mostrar/LENGUAJE/📖 LIBROS DE TEXTO
[3°] Cuaderno de Trabajo de LENGUAJE 3º VAMOS A APRENDER.pdf,1VfpeZN-8ndRrDQBNaLG4-Fvj4VCRX-Hx,https://drive.google.com/file/d/1VfpeZN-8ndRrDQBNaLG4-Fvj4VCRX-Hx/view?usp=drivesdk,📖 LIBROS DE TEXTO,libros/libros mostrar/LENGUAJE/📖 LIBROS DE TEXTO
[3°] Libro del Estudiante de LENGUAJE 3° VAMOS A APRENDER.pdf,1sQpjZcBXueRap-ZU1wulAgJkXpcl0jHk,https://drive.google.com/file/d/1sQpjZcBXueRap-ZU1wulAgJkXpcl0jHk/view?usp=drivesdk,📖 LIBROS DE TEXTO,libros/libros mostrar/LENGUAJE/📖 LIBROS DE TEXTO
[3°] Copia de Libro EntreTextos 3° - Cuaderno de Trabajo ESTUDIANTE - SEM_B (Lenguaje).pdf,1S8deP5C8Zr1k9gFkf0lW41EbxS0y1iRJ,https://drive.google.com/file/d/1S8deP5C8Zr1k9gFkf0lW41EbxS0y1iRJ/view?usp=drivesdk,📖 LIBROS DE TEXTO,libros/libros mostrar/LENGUAJE/📖 LIBROS DE TEXTO
[3°] Copia de Libro EntreTextos 3° - Cuaderno de Trabajo ESTUDIANTE - SEM_A (Lenguaje).pdf,1R0BHTWXCnM_4iBy-1gm4NxO7IHc-nVut,https://drive.google.com/file/d/1R0BHTWXCnM_4iBy-1gm4NxO7IHc-nVut/view?usp=drivesdk,📖 LIBROS DE TEXTO,libros/libros mostrar/LENGUAJE/📖 LIBROS DE TEXTO
[3°] Copia de Libro EntreTextos 3° - Guía del DOCENTE - SEM_B (Lenguaje).pdf,1WzcZtgd6D7OFS80UP4Jh3ijIR63xuKzU,https://drive.google.com/file/d/1WzcZtgd6D7OFS80UP4Jh3ijIR63xuKzU/view?usp=drivesdk,📖 LIBROS DE TEXTO,libros/libros mostrar/LENGUAJE/📖 LIBROS DE TEXTO
[3°] Copia de Libro EntreTextos 3° - Guía del DOCENTE - SEM_A (Lenguaje).pdf,1JHYCOKn1W1ghVQh344z0u0Dtb-VlTgK5,https://drive.google.com/file/d/1JHYCOKn1W1ghVQh344z0u0Dtb-VlTgK5/view?usp=drivesdk,📖 LIBROS DE TEXTO,libros/libros mostrar/LENGUAJE/📖 LIBROS DE TEXTO
[2°] LG_Grado02_01.pdf,1VeRiAh-e-SOGGgTgdmSD2GOCOTPYAfdh,https://drive.google.com/file/d/1VeRiAh-e-SOGGgTgdmSD2GOCOTPYAfdh/view?usp=drivesdk,📖 LIBROS DE TEXTO,libros/libros mostrar/LENGUAJE/📖 LIBROS DE TEXTO
[2°] LG_Grado02_02.pdf,1ysPcDfz_Yk3jvRRGtVR5bdLDF714wyTg,https://drive.google.com/file/d/1ysPcDfz_Yk3jvRRGtVR5bdLDF714wyTg/view?usp=drivesdk,📖 LIBROS DE TEXTO,libros/libros mostrar/LENGUAJE/📖 LIBROS DE TEXTO
[2°] LG_Grado02_03.pdf,1yOSjXKWsI3ViCYRyeBhRA79NNKqO3dmD,https://drive.google.com/file/d/1yOSjXKWsI3ViCYRyeBhRA79NNKqO3dmD/view?usp=drivesdk,📖 LIBROS DE TEXTO,libros/libros mostrar/LENGUAJE/📖 LIBROS DE TEXTO
[2°] Copia de Libro EntreTextos 2° - Cuaderno de Trabajo ESTUDIANTE - SEM_B (Lenguaje).pdf,1kwys2qizF_fFGFDvYfhxD_qjjjK0trHu,https://drive.google.com/file/d/1kwys2qizF_fFGFDvYfhxD_qjjjK0trHu/view?usp=drivesdk,📖 LIBROS DE TEXTO,libros/libros mostrar/LENGUAJE/📖 LIBROS DE TEXTO
[2°] Copia de Libro EntreTextos 2° - Cuaderno de Trabajo ESTUDIANTE - SEM_A (Lenguaje).pdf,1r4Wg5iM7IHRqqyO3kVJflbL3Sqnpq6R7,https://drive.google.com/file/d/1r4Wg5iM7IHRqqyO3kVJflbL3Sqnpq6R7/view?usp=drivesdk,📖 LIBROS DE TEXTO,libros/libros mostrar/LENGUAJE/📖 LIBROS DE TEXTO
[2°] Copia de Libro EntreTextos 2° - Guía del DOCENTE - SEM_B (Lenguaje).pdf,1zLXnctSpu8qMRC6D3YgpELflX1Qs6J-s,https://drive.google.com/file/d/1zLXnctSpu8qMRC6D3YgpELflX1Qs6J-s/view?usp=drivesdk,📖 LIBROS DE TEXTO,libros/libros mostrar/LENGUAJE/📖 LIBROS DE TEXTO
[2°] Copia de Libro EntreTextos 2° - Guía del DOCENTE - SEM_A (Lenguaje).pdf,145jXtyaHE5auhOqRn4BOQHUXf6dXLpzn,https://drive.google.com/file/d/145jXtyaHE5auhOqRn4BOQHUXf6dXLpzn/view?usp=drivesdk,📖 LIBROS DE TEXTO,libros/libros mostrar/LENGUAJE/📖 LIBROS DE TEXTO
[8°] LG_Grado8.pdf,1Zn151SHhKXm66n2DBu6JDQCraKSw0eyn,https://drive.google.com/file/d/1Zn151SHhKXm66n2DBu6JDQCraKSw0eyn/view?usp=drivesdk,📖 LIBROS DE TEXTO,libros/libros mostrar/LENGUAJE/📖 LIBROS DE TEXTO
[8°] Libro del Estudiante de LENGUAJE 8° VAMOS A APRENDER.pdf,1eWyN8JKaXhcxgdV5JCYWleKP24ksIDQD,https://drive.google.com/file/d/1eWyN8JKaXhcxgdV5JCYWleKP24ksIDQD/view?usp=drivesdk,📖 LIBROS DE TEXTO,libros/libros mostrar/LENGUAJE/📖 LIBROS DE TEXTO
[8°] Secundaria Activa Lenguaje 8°.pdf,1Pn63J-XaK1t4S0lnVSy-iDpnGzwWgcz3,https://drive.google.com/file/d/1Pn63J-XaK1t4S0lnVSy-iDpnGzwWgcz3/view?usp=drivesdk,📖 LIBROS DE TEXTO,libros/libros mostrar/LENGUAJE/📖 LIBROS DE TEXTO
[9°] Libro del Estudiante de LENGUAJE 9° VAMOS A APRENDER.pdf,1W3jy7b0x6kc3kWCSf3VmhkPYtu0Ms5Kb,https://drive.google.com/file/d/1W3jy7b0x6kc3kWCSf3VmhkPYtu0Ms5Kb/view?usp=drivesdk,📖 LIBROS DE TEXTO,libros/libros mostrar/LENGUAJE/📖 LIBROS DE TEXTO
[9°] LG_Grado9.pdf,1qOR393QSURRKtd03aDZeiA_Zi987xLNu,https://drive.google.com/file/d/1qOR393QSURRKtd03aDZeiA_Zi987xLNu/view?usp=drivesdk,📖 LIBROS DE TEXTO,libros/libros mostrar/LENGUAJE/📖 LIBROS DE TEXTO
[9°] Secundaria Activa Lenguaje 9°.pdf,1nCvxwjzt_xW1DSCxLOPkF-KXw2-w1Ln-,https://drive.google.com/file/d/1nCvxwjzt_xW1DSCxLOPkF-KXw2-w1Ln-/view?usp=drivesdk,📖 LIBROS DE TEXTO,libros/libros mostrar/LENGUAJE/📖 LIBROS DE TEXTO
[10°] Libro del Estudiante de LENGUAJE 10° VAMOS A APRENDER.pdf,1SXq0_zZlI4Gvf5_WI5plMaO7P6-tamuU,https://drive.google.com/file/d/1SXq0_zZlI4Gvf5_WI5plMaO7P6-tamuU/view?usp=drivesdk,📖 LIBROS DE TEXTO,libros/libros mostrar/LENGUAJE/📖 LIBROS DE TEXTO
[11°] Libro del Estudiante de LENGUAJE 11° VAMOS A APRENDER.pdf,1EHBkYobpe9owZTTvX41H03YL9GOrcQzt,https://drive.google.com/file/d/1EHBkYobpe9owZTTvX41H03YL9GOrcQzt/view?usp=drivesdk,📖 LIBROS DE TEXTO,libros/libros mostrar/LENGUAJE/📖 LIBROS DE TEXTO
[1°] Lenguaje-1o-Guias-de-aprendizaje.pdf,1cxIcEDF9JriDZPfmO2jfJghVnWeNARpM,https://drive.google.com/file/d/1cxIcEDF9JriDZPfmO2jfJghVnWeNARpM/view?usp=drivesdk,📋 GUÍAS DE APRENDIZAJE,libros/libros mostrar/LENGUAJE/📋 GUÍAS DE APRENDIZAJE
[5°] Lenguaje-5o-Guias-de-aprendizaje.pdf,1KzXgzaYr1491vIE1WNfCgb6ApQyX6lH6,https://drive.google.com/file/d/1KzXgzaYr1491vIE1WNfCgb6ApQyX6lH6/view?usp=drivesdk,📋 GUÍAS DE APRENDIZAJE,libros/libros mostrar/LENGUAJE/📋 GUÍAS DE APRENDIZAJE
[4°] Lenguaje-4o-Guias-de-aprendizaje.pdf,1ujS5Fo_rTf5SCASQUm0l-cYNVdgI6xCi,https://drive.google.com/file/d/1ujS5Fo_rTf5SCASQUm0l-cYNVdgI6xCi/view?usp=drivesdk,📋 GUÍAS DE APRENDIZAJE,libros/libros mostrar/LENGUAJE/📋 GUÍAS DE APRENDIZAJE
[3°] Lenguaje-3o-Guias-de-aprendizaje.pdf,16ETgUlmWumJaSFCGTEHBE7yrIL3lfYsg,https://drive.google.com/file/d/16ETgUlmWumJaSFCGTEHBE7yrIL3lfYsg/view?usp=drivesdk,📋 GUÍAS DE APRENDIZAJE,libros/libros mostrar/LENGUAJE/📋 GUÍAS DE APRENDIZAJE
[2°] Lenguaje-2o-Guias-de-aprendizaje.pdf,1HuyT3Jsj4dETcyoZbVRUIfzsJWpZdv9C,https://drive.google.com/file/d/1HuyT3Jsj4dETcyoZbVRUIfzsJWpZdv9C/view?usp=drivesdk,📋 GUÍAS DE APRENDIZAJE,libros/libros mostrar/LENGUAJE/📋 GUÍAS DE APRENDIZAJE
[1°] Lenguaje-1o-Cuaderno-de-trabajo.pdf,1Pfl7EANW9xTVl8xNHY9GltzIwVREArvz,https://drive.google.com/file/d/1Pfl7EANW9xTVl8xNHY9GltzIwVREArvz/view?usp=drivesdk,📂 MATERIAL DE APOYO,libros/libros mostrar/LENGUAJE/📂 MATERIAL DE APOYO
[1°] Lenguaje_Cuadernillo.pdf,15ohMIy2k2Pww597Gt9GqxqVAkKqJ2_ji,https://drive.google.com/file/d/15ohMIy2k2Pww597Gt9GqxqVAkKqJ2_ji/view?usp=drivesdk,📂 MATERIAL DE APOYO,libros/libros mostrar/LENGUAJE/📂 MATERIAL DE APOYO
[1°] Copia de Gran Libro de Cuentos - Primero.pdf,1auwynsqWcFrvni8rA5DC-QI6lJ83LuAA,https://drive.google.com/file/d/1auwynsqWcFrvni8rA5DC-QI6lJ83LuAA/view?usp=drivesdk,📂 MATERIAL DE APOYO,libros/libros mostrar/LENGUAJE/📂 MATERIAL DE APOYO
[4°] Copia de 4° Lectura y Composición en Español.pdf,1ehSJ4lYA3SP_ltFMjIaSLBd08xqgI9vb,https://drive.google.com/file/d/1ehSJ4lYA3SP_ltFMjIaSLBd08xqgI9vb/view?usp=drivesdk,📂 MATERIAL DE APOYO,libros/libros mostrar/LENGUAJE/📂 MATERIAL DE APOYO
[3°] Copia de 3° Lectura y Composición en Español.pdf,1bElHAYbSiDNHOrKpIg-X-dUhhb7Gmokk,https://drive.google.com/file/d/1bElHAYbSiDNHOrKpIg-X-dUhhb7Gmokk/view?usp=drivesdk,📂 MATERIAL DE APOYO,libros/libros mostrar/LENGUAJE/📂 MATERIAL DE APOYO
ApHaciendo2_Grados 8-9.pdf,1PZTICSi6tCl_yiEwacE5qD3bFuVI7GkM,https://drive.google.com/file/d/1PZTICSi6tCl_yiEwacE5qD3bFuVI7GkM/view?usp=drivesdk,PROYECTO,libros/libros mostrar/PROYECTO
HagamonosEx_Grados 8-9.pdf,1muAN7AwqFBbTo4gFkznEtIz0ESEBKND5,https://drive.google.com/file/d/1muAN7AwqFBbTo4gFkznEtIz0ESEBKND5/view?usp=drivesdk,PROYECTO,libros/libros mostrar/PROYECTO
ApHaciendo1_Grados 8-9.pdf,1okYUQ8WHroKM9KRSg3bTPU60JDXPWQqW,https://drive.google.com/file/d/1okYUQ8WHroKM9KRSg3bTPU60JDXPWQqW/view?usp=drivesdk,PROYECTO,libros/libros mostrar/PROYECTO
IntroduccionPPP_Grados 8-9.pdf,1DWO55CU_qqFW6Ih9SIN8qVN8Vk3Uvd1U,https://drive.google.com/file/d/1DWO55CU_qqFW6Ih9SIN8qVN8Vk3Uvd1U/view?usp=drivesdk,PROYECTO,libros/libros mostrar/PROYECTO
ApHaciendo3_Grados 8-9.pdf,1Puyrx8VRrG9q475mELeZUMEXkioCwCMu,https://drive.google.com/file/d/1Puyrx8VRrG9q475mELeZUMEXkioCwCMu/view?usp=drivesdk,PROYECTO,libros/libros mostrar/PROYECTO
Artes visuales, Educación Artística.pdf,1gtAo6PKa5g5G3CGO2RAnPNNAUpZagb-w,https://drive.google.com/file/d/1gtAo6PKa5g5G3CGO2RAnPNNAUpZagb-w/view?usp=drivesdk,EDUC. ARTÍSTICA,libros/libros mostrar/EDUC. ARTÍSTICA
Danza, Educación Artística.pdf,1tjm6P3yyS9-6BQHrer04Hw4uQW8c8DcC,https://drive.google.com/file/d/1tjm6P3yyS9-6BQHrer04Hw4uQW8c8DcC/view?usp=drivesdk,EDUC. ARTÍSTICA,libros/libros mostrar/EDUC. ARTÍSTICA
Música, Educación Artística.pdf,15SRDcwJmbUXjNgU5zKg0d3keQx9pnpxv,https://drive.google.com/file/d/15SRDcwJmbUXjNgU5zKg0d3keQx9pnpxv/view?usp=drivesdk,EDUC. ARTÍSTICA,libros/libros mostrar/EDUC. ARTÍSTICA
Teatro, Educación Artística.pdf,1lgS_g7SATX18AjW4Sl3gO4mGknyEsp-J,https://drive.google.com/file/d/1lgS_g7SATX18AjW4Sl3gO4mGknyEsp-J/view?usp=drivesdk,EDUC. ARTÍSTICA,libros/libros mostrar/EDUC. ARTÍSTICA
articles-356821_recurso_1.pdf,1mQ6A7ubZxb3l2d7zvTZF9nfyWu3wfGhV,https://drive.google.com/file/d/1mQ6A7ubZxb3l2d7zvTZF9nfyWu3wfGhV/view?usp=drivesdk,PSICOLOGIA,libros/libros mostrar/PSICOLOGIA
calculo de lang.pdf,11zPXYblFJT6RagpE8XvYmnN3Xiw7tshi,https://drive.google.com/file/d/11zPXYblFJT6RagpE8XvYmnN3Xiw7tshi/view?usp=drivesdk,destacados,libros/notouch/destacados
cien_soledad.pdf,1dyRy0Q4kiiqTdo7-1qWb0Z-Db7XpM9_Y,https://drive.google.com/file/d/1dyRy0Q4kiiqTdo7-1qWb0Z-Db7XpM9_Y/view?usp=drivesdk,destacados,libros/notouch/destacados
Sapiens. De animales a dioses Una breve historia de la humanidad (Yuval Noah Harari).pdf,10OeObIfuEjPKo_ARCxvzs3e5XV4XdLpD,https://drive.google.com/file/d/10OeObIfuEjPKo_ARCxvzs3e5XV4XdLpD/view?usp=drivesdk,destacados,libros/notouch/destacados
HawkinS-HistoriaDelTiempo.pdf,1m1zrcWmfw83hrVptRRC3t-_-GNyPDrV9,https://drive.google.com/file/d/1m1zrcWmfw83hrVptRRC3t-_-GNyPDrV9/view?usp=drivesdk,destacados,libros/notouch/destacados
Charlotte Bronté Cumbres Borrascosas.pdf,1sdIPFvw6HDL5RJ9jtJdoCSFPuzVsnsKN,https://drive.google.com/file/d/1sdIPFvw6HDL5RJ9jtJdoCSFPuzVsnsKN/view?usp=drivesdk,destacados,libros/notouch/destacados
8t7qqWwG.jpg,1br7BxtRIVbE3y4o-_0S6H-c-RkMGH2Lr,https://drive.google.com/file/d/1br7BxtRIVbE3y4o-_0S6H-c-RkMGH2Lr/view?usp=drivesdk,fotos img,libros/notouch/fotos img